2025-12-21T20:15:43.061+03:00  INFO 9001 --- [IT_market] [restartedMain] com.IT_market.ItMarketApplication        : Starting ItMarketApplication using Java 21.0.9-ea with PID 9001 (/home/nalwoga/Downloads/IT_market/target/classes started by nalwoga in /home/nalwoga/Downloads/IT_market)
2025-12-21T20:15:43.073+03:00 DEBUG 9001 --- [IT_market] [restartedMain] com.IT_market.ItMarketApplication        : Running with Spring Boot v3.4.3, Spring v6.2.3
2025-12-21T20:15:43.076+03:00  INFO 9001 --- [IT_market] [restartedMain] com.IT_market.ItMarketApplication        : No active profile set, falling back to 1 default profile: "default"
2025-12-21T20:15:43.440+03:00  INFO 9001 --- [IT_market] [restartedMain] .e.DevToolsPropertyDefaultsPostProcessor : Devtools property defaults active! Set 'spring.devtools.add-properties' to 'false' to disable
2025-12-21T20:15:43.440+03:00  INFO 9001 --- [IT_market] [restartedMain] .e.DevToolsPropertyDefaultsPostProcessor : For additional web related logging consider setting the 'logging.level.web' property to 'DEBUG'
2025-12-21T20:15:53.030+03:00  INFO 9001 --- [IT_market] [restartedMain] .s.d.r.c.RepositoryConfigurationDelegate : Multiple Spring Data modules found, entering strict repository configuration mode
2025-12-21T20:15:53.035+03:00  INFO 9001 --- [IT_market] [restartedMain] .s.d.r.c.RepositoryConfigurationDelegate : Bootstrapping Spring Data JPA repositories in DEFAULT mode.
2025-12-21T20:15:53.662+03:00  INFO 9001 --- [IT_market] [restartedMain] .s.d.r.c.RepositoryConfigurationDelegate : Finished Spring Data repository scanning in 592 ms. Found 7 JPA repository interfaces.
2025-12-21T20:15:53.881+03:00  INFO 9001 --- [IT_market] [restartedMain] .s.d.r.c.RepositoryConfigurationDelegate : Multiple Spring Data modules found, entering strict repository configuration mode
2025-12-21T20:15:53.892+03:00  INFO 9001 --- [IT_market] [restartedMain] .s.d.r.c.RepositoryConfigurationDelegate : Bootstrapping Spring Data Redis repositories in DEFAULT mode.
2025-12-21T20:15:53.970+03:00  INFO 9001 --- [IT_market] [restartedMain] .RepositoryConfigurationExtensionSupport : Spring Data Redis - Could not safely identify store assignment for repository candidate interface com.IT_market.repository.NotificationRepository; If you want this repository to be a Redis repository, consider annotating your entities with one of these annotations: org.springframework.data.redis.core.RedisHash (preferred), or consider extending one of the following types with your repository: org.springframework.data.keyvalue.repository.KeyValueRepository
2025-12-21T20:15:53.971+03:00  INFO 9001 --- [IT_market] [restartedMain] .RepositoryConfigurationExtensionSupport : Spring Data Redis - Could not safely identify store assignment for repository candidate interface com.IT_market.repository.OrderItemRepository; If you want this repository to be a Redis repository, consider annotating your entities with one of these annotations: org.springframework.data.redis.core.RedisHash (preferred), or consider extending one of the following types with your repository: org.springframework.data.keyvalue.repository.KeyValueRepository
2025-12-21T20:15:53.972+03:00  INFO 9001 --- [IT_market] [restartedMain] .RepositoryConfigurationExtensionSupport : Spring Data Redis - Could not safely identify store assignment for repository candidate interface com.IT_market.repository.OrderRepository; If you want this repository to be a Redis repository, consider annotating your entities with one of these annotations: org.springframework.data.redis.core.RedisHash (preferred), or consider extending one of the following types with your repository: org.springframework.data.keyvalue.repository.KeyValueRepository
2025-12-21T20:15:53.972+03:00  INFO 9001 --- [IT_market] [restartedMain] .RepositoryConfigurationExtensionSupport : Spring Data Redis - Could not safely identify store assignment for repository candidate interface com.IT_market.repository.ProductRepository; If you want this repository to be a Redis repository, consider annotating your entities with one of these annotations: org.springframework.data.redis.core.RedisHash (preferred), or consider extending one of the following types with your repository: org.springframework.data.keyvalue.repository.KeyValueRepository
2025-12-21T20:15:53.973+03:00  INFO 9001 --- [IT_market] [restartedMain] .RepositoryConfigurationExtensionSupport : Spring Data Redis - Could not safely identify store assignment for repository candidate interface com.IT_market.repository.RoleRepository; If you want this repository to be a Redis repository, consider annotating your entities with one of these annotations: org.springframework.data.redis.core.RedisHash (preferred), or consider extending one of the following types with your repository: org.springframework.data.keyvalue.repository.KeyValueRepository
2025-12-21T20:15:53.973+03:00  INFO 9001 --- [IT_market] [restartedMain] .RepositoryConfigurationExtensionSupport : Spring Data Redis - Could not safely identify store assignment for repository candidate interface com.IT_market.repository.SellRequestRepository; If you want this repository to be a Redis repository, consider annotating your entities with one of these annotations: org.springframework.data.redis.core.RedisHash (preferred), or consider extending one of the following types with your repository: org.springframework.data.keyvalue.repository.KeyValueRepository
2025-12-21T20:15:53.977+03:00  INFO 9001 --- [IT_market] [restartedMain] .RepositoryConfigurationExtensionSupport : Spring Data Redis - Could not safely identify store assignment for repository candidate interface com.IT_market.repository.UserRepository; If you want this repository to be a Redis repository, consider annotating your entities with one of these annotations: org.springframework.data.redis.core.RedisHash (preferred), or consider extending one of the following types with your repository: org.springframework.data.keyvalue.repository.KeyValueRepository
2025-12-21T20:15:53.977+03:00  INFO 9001 --- [IT_market] [restartedMain] .s.d.r.c.RepositoryConfigurationDelegate : Finished Spring Data repository scanning in 20 ms. Found 0 Redis repository interfaces.
2025-12-21T20:15:57.126+03:00  INFO 9001 --- [IT_market] [restartedMain] o.s.b.w.embedded.tomcat.TomcatWebServer  : Tomcat initialized with port 8080 (http)
2025-12-21T20:15:57.148+03:00  INFO 9001 --- [IT_market] [restartedMain] o.apache.catalina.core.StandardService   : Starting service [Tomcat]
2025-12-21T20:15:57.149+03:00  INFO 9001 --- [IT_market] [restartedMain] o.apache.catalina.core.StandardEngine    : Starting Servlet engine: [Apache Tomcat/10.1.36]
2025-12-21T20:15:57.221+03:00  INFO 9001 --- [IT_market] [restartedMain] o.a.c.c.C.[Tomcat].[localhost].[/]       : Initializing Spring embedded WebApplicationContext
2025-12-21T20:15:57.222+03:00  INFO 9001 --- [IT_market] [restartedMain] w.s.c.ServletWebServerApplicationContext : Root WebApplicationContext: initialization completed in 13781 ms
2025-12-21T20:15:58.275+03:00  INFO 9001 --- [IT_market] [restartedMain] o.hibernate.jpa.internal.util.LogHelper  : HHH000204: Processing PersistenceUnitInfo [name: default]
2025-12-21T20:15:58.506+03:00  INFO 9001 --- [IT_market] [restartedMain] org.hibernate.Version                    : HHH000412: Hibernate ORM core version 6.6.8.Final
2025-12-21T20:15:58.663+03:00  INFO 9001 --- [IT_market] [restartedMain] o.h.c.internal.RegionFactoryInitiator    : HHH000026: Second-level cache disabled
2025-12-21T20:15:59.629+03:00  INFO 9001 --- [IT_market] [restartedMain] o.s.o.j.p.SpringPersistenceUnitInfo      : No LoadTimeWeaver setup: ignoring JPA class transformer
2025-12-21T20:15:59.754+03:00  INFO 9001 --- [IT_market] [restartedMain] com.zaxxer.hikari.HikariDataSource       : HikariPool-1 - Starting...
2025-12-21T20:16:12.534+03:00  INFO 9001 --- [IT_market] [restartedMain] com.zaxxer.hikari.pool.HikariPool        : HikariPool-1 - Added connection org.postgresql.jdbc.PgConnection@683ca42
2025-12-21T20:16:12.538+03:00  INFO 9001 --- [IT_market] [restartedMain] com.zaxxer.hikari.HikariDataSource       : HikariPool-1 - Start completed.
2025-12-21T20:16:14.585+03:00  WARN 9001 --- [IT_market] [restartedMain] org.hibernate.orm.deprecation            : HHH90000025: PostgreSQLDialect does not need to be specified explicitly using 'hibernate.dialect' (remove the property setting and it will be selected by default)
2025-12-21T20:16:15.206+03:00  INFO 9001 --- [IT_market] [restartedMain] org.hibernate.orm.connections.pooling    : HHH10001005: Database info:
	Database JDBC URL [Connecting through datasource 'HikariDataSource (HikariPool-1)']
	Database driver: undefined/unknown
	Database version: 17.7
	Autocommit mode: undefined/unknown
	Isolation level: undefined/unknown
	Minimum pool size: undefined/unknown
	Maximum pool size: undefined/unknown
2025-12-21T20:16:18.004+03:00  INFO 9001 --- [IT_market] [restartedMain] o.h.e.t.j.p.i.JtaPlatformInitiator       : HHH000489: No JTA platform available (set 'hibernate.transaction.jta.platform' to enable JTA platform integration)
2025-12-21T20:16:41.142+03:00  INFO 9001 --- [IT_market] [restartedMain] j.LocalContainerEntityManagerFactoryBean : Initialized JPA EntityManagerFactory for persistence unit 'default'
2025-12-21T20:16:43.635+03:00  INFO 9001 --- [IT_market] [restartedMain] o.s.d.j.r.query.QueryEnhancerFactory     : Hibernate is in classpath; If applicable, HQL parser will be used.
2025-12-21T20:16:56.145+03:00  INFO 9001 --- [IT_market] [restartedMain] o.s.b.a.w.s.WelcomePageHandlerMapping    : Adding welcome page template: index
2025-12-21T20:17:03.626+03:00  INFO 9001 --- [IT_market] [restartedMain] o.s.b.d.a.OptionalLiveReloadServer       : LiveReload server is running on port 35729
2025-12-21T20:17:03.651+03:00  INFO 9001 --- [IT_market] [restartedMain] o.s.b.a.e.web.EndpointLinksResolver      : Exposing 1 endpoint beneath base path '/actuator'
2025-12-21T20:17:04.268+03:00  INFO 9001 --- [IT_market] [restartedMain] o.s.m.s.b.SimpleBrokerMessageHandler     : Starting...
2025-12-21T20:17:04.270+03:00  INFO 9001 --- [IT_market] [restartedMain] o.s.m.s.b.SimpleBrokerMessageHandler     : BrokerAvailabilityEvent[available=true, SimpleBrokerMessageHandler [org.springframework.messaging.simp.broker.DefaultSubscriptionRegistry@4865a7cd]]
2025-12-21T20:17:04.271+03:00  INFO 9001 --- [IT_market] [restartedMain] o.s.m.s.b.SimpleBrokerMessageHandler     : Started.
2025-12-21T20:17:04.311+03:00  INFO 9001 --- [IT_market] [restartedMain] o.s.b.w.embedded.tomcat.TomcatWebServer  : Tomcat started on port 8080 (http) with context path '/'
2025-12-21T20:17:04.339+03:00  INFO 9001 --- [IT_market] [restartedMain] com.IT_market.ItMarketApplication        : Started ItMarketApplication in 84.733 seconds (process running for 88.11)
2025-12-21T20:18:03.751+03:00  INFO 9001 --- [IT_market] [MessageBroker-1] o.s.w.s.c.WebSocketMessageBrokerStats    : WebSocketSession[0 current WS(0)-HttpStream(0)-HttpPoll(0), 0 total, 0 closed abnormally (0 connect failure, 0 send limit, 0 transport error)], stompSubProtocol[processed CONNECT(0)-CONNECTED(0)-DISCONNECT(0)], stompBrokerRelay[null], inboundChannel[pool size = 0, active threads = 0, queued tasks = 0, completed tasks = 0], outboundChannel[pool size = 0, active threads = 0, queued tasks = 0, completed tasks = 0], sockJsScheduler[pool size = 1, active threads = 1, queued tasks = 0, completed tasks = 0]
2025-12-21T20:18:03.871+03:00  INFO 9001 --- [IT_market] [http-nio-0.0.0.0-8080-exec-1] o.a.c.c.C.[Tomcat].[localhost].[/]       : Initializing Spring DispatcherServlet 'dispatcherServlet'
2025-12-21T20:18:03.872+03:00  INFO 9001 --- [IT_market] [http-nio-0.0.0.0-8080-exec-1] o.s.web.servlet.DispatcherServlet        : Initializing Servlet 'dispatcherServlet'
2025-12-21T20:18:03.875+03:00  INFO 9001 --- [IT_market] [http-nio-0.0.0.0-8080-exec-1] o.s.web.servlet.DispatcherServlet        : Completed initialization in 3 ms
2025-12-21T20:24:55.555+03:00  INFO 9001 --- [IT_market] [File Watcher] rtingClassPathChangeChangedEventListener : Restarting due to 1 class path change (0 additions, 1 deletion, 0 modifications)
2025-12-21T20:24:55.632+03:00  INFO 9001 --- [IT_market] [Thread-5] o.s.b.w.e.tomcat.GracefulShutdown        : Commencing graceful shutdown. Waiting for active requests to complete
2025-12-21T20:24:55.636+03:00  INFO 9001 --- [IT_market] [tomcat-shutdown] o.s.b.w.e.tomcat.GracefulShutdown        : Graceful shutdown complete
2025-12-21T20:24:55.668+03:00  INFO 9001 --- [IT_market] [Thread-5] o.s.m.s.b.SimpleBrokerMessageHandler     : Stopping...
2025-12-21T20:24:55.669+03:00  INFO 9001 --- [IT_market] [Thread-5] o.s.m.s.b.SimpleBrokerMessageHandler     : BrokerAvailabilityEvent[available=false, SimpleBrokerMessageHandler [org.springframework.messaging.simp.broker.DefaultSubscriptionRegistry@4865a7cd]]
2025-12-21T20:24:55.670+03:00  INFO 9001 --- [IT_market] [Thread-5] o.s.m.s.b.SimpleBrokerMessageHandler     : Stopped.
2025-12-21T20:24:56.126+03:00  INFO 9001 --- [IT_market] [Thread-5] j.LocalContainerEntityManagerFactoryBean : Closing JPA EntityManagerFactory for persistence unit 'default'
2025-12-21T20:24:56.186+03:00  INFO 9001 --- [IT_market] [Thread-5] com.zaxxer.hikari.HikariDataSource       : HikariPool-1 - Shutdown initiated...
2025-12-21T20:24:56.297+03:00  INFO 9001 --- [IT_market] [Thread-5] com.zaxxer.hikari.HikariDataSource       : HikariPool-1 - Shutdown completed.
2025-12-21T20:27:00.061+03:00  INFO 12835 --- [IT_market] [restartedMain] com.IT_market.ItMarketApplication        : Starting ItMarketApplication using Java 21.0.9-ea with PID 12835 (/home/nalwoga/Downloads/IT_market/target/classes started by nalwoga in /home/nalwoga/Downloads/IT_market)
2025-12-21T20:27:00.064+03:00 DEBUG 12835 --- [IT_market] [restartedMain] com.IT_market.ItMarketApplication        : Running with Spring Boot v3.4.3, Spring v6.2.3
2025-12-21T20:27:00.065+03:00  INFO 12835 --- [IT_market] [restartedMain] com.IT_market.ItMarketApplication        : No active profile set, falling back to 1 default profile: "default"
2025-12-21T20:27:00.408+03:00  INFO 12835 --- [IT_market] [restartedMain] .e.DevToolsPropertyDefaultsPostProcessor : Devtools property defaults active! Set 'spring.devtools.add-properties' to 'false' to disable
2025-12-21T20:27:00.409+03:00  INFO 12835 --- [IT_market] [restartedMain] .e.DevToolsPropertyDefaultsPostProcessor : For additional web related logging consider setting the 'logging.level.web' property to 'DEBUG'
2025-12-21T20:27:05.901+03:00  INFO 12835 --- [IT_market] [restartedMain] .s.d.r.c.RepositoryConfigurationDelegate : Multiple Spring Data modules found, entering strict repository configuration mode
2025-12-21T20:27:05.921+03:00  INFO 12835 --- [IT_market] [restartedMain] .s.d.r.c.RepositoryConfigurationDelegate : Bootstrapping Spring Data JPA repositories in DEFAULT mode.
2025-12-21T20:27:06.434+03:00  INFO 12835 --- [IT_market] [restartedMain] .s.d.r.c.RepositoryConfigurationDelegate : Finished Spring Data repository scanning in 488 ms. Found 7 JPA repository interfaces.
2025-12-21T20:27:06.706+03:00  INFO 12835 --- [IT_market] [restartedMain] .s.d.r.c.RepositoryConfigurationDelegate : Multiple Spring Data modules found, entering strict repository configuration mode
2025-12-21T20:27:06.713+03:00  INFO 12835 --- [IT_market] [restartedMain] .s.d.r.c.RepositoryConfigurationDelegate : Bootstrapping Spring Data Redis repositories in DEFAULT mode.
2025-12-21T20:27:06.761+03:00  INFO 12835 --- [IT_market] [restartedMain] .RepositoryConfigurationExtensionSupport : Spring Data Redis - Could not safely identify store assignment for repository candidate interface com.IT_market.repository.NotificationRepository; If you want this repository to be a Redis repository, consider annotating your entities with one of these annotations: org.springframework.data.redis.core.RedisHash (preferred), or consider extending one of the following types with your repository: org.springframework.data.keyvalue.repository.KeyValueRepository
2025-12-21T20:27:06.762+03:00  INFO 12835 --- [IT_market] [restartedMain] .RepositoryConfigurationExtensionSupport : Spring Data Redis - Could not safely identify store assignment for repository candidate interface com.IT_market.repository.OrderItemRepository; If you want this repository to be a Redis repository, consider annotating your entities with one of these annotations: org.springframework.data.redis.core.RedisHash (preferred), or consider extending one of the following types with your repository: org.springframework.data.keyvalue.repository.KeyValueRepository
2025-12-21T20:27:06.763+03:00  INFO 12835 --- [IT_market] [restartedMain] .RepositoryConfigurationExtensionSupport : Spring Data Redis - Could not safely identify store assignment for repository candidate interface com.IT_market.repository.OrderRepository; If you want this repository to be a Redis repository, consider annotating your entities with one of these annotations: org.springframework.data.redis.core.RedisHash (preferred), or consider extending one of the following types with your repository: org.springframework.data.keyvalue.repository.KeyValueRepository
2025-12-21T20:27:06.764+03:00  INFO 12835 --- [IT_market] [restartedMain] .RepositoryConfigurationExtensionSupport : Spring Data Redis - Could not safely identify store assignment for repository candidate interface com.IT_market.repository.ProductRepository; If you want this repository to be a Redis repository, consider annotating your entities with one of these annotations: org.springframework.data.redis.core.RedisHash (preferred), or consider extending one of the following types with your repository: org.springframework.data.keyvalue.repository.KeyValueRepository
2025-12-21T20:27:06.764+03:00  INFO 12835 --- [IT_market] [restartedMain] .RepositoryConfigurationExtensionSupport : Spring Data Redis - Could not safely identify store assignment for repository candidate interface com.IT_market.repository.RoleRepository; If you want this repository to be a Redis repository, consider annotating your entities with one of these annotations: org.springframework.data.redis.core.RedisHash (preferred), or consider extending one of the following types with your repository: org.springframework.data.keyvalue.repository.KeyValueRepository
2025-12-21T20:27:06.765+03:00  INFO 12835 --- [IT_market] [restartedMain] .RepositoryConfigurationExtensionSupport : Spring Data Redis - Could not safely identify store assignment for repository candidate interface com.IT_market.repository.SellRequestRepository; If you want this repository to be a Redis repository, consider annotating your entities with one of these annotations: org.springframework.data.redis.core.RedisHash (preferred), or consider extending one of the following types with your repository: org.springframework.data.keyvalue.repository.KeyValueRepository
2025-12-21T20:27:06.767+03:00  INFO 12835 --- [IT_market] [restartedMain] .RepositoryConfigurationExtensionSupport : Spring Data Redis - Could not safely identify store assignment for repository candidate interface com.IT_market.repository.UserRepository; If you want this repository to be a Redis repository, consider annotating your entities with one of these annotations: org.springframework.data.redis.core.RedisHash (preferred), or consider extending one of the following types with your repository: org.springframework.data.keyvalue.repository.KeyValueRepository
2025-12-21T20:27:06.768+03:00  INFO 12835 --- [IT_market] [restartedMain] .s.d.r.c.RepositoryConfigurationDelegate : Finished Spring Data repository scanning in 19 ms. Found 0 Redis repository interfaces.
2025-12-21T20:27:10.417+03:00  INFO 12835 --- [IT_market] [restartedMain] o.s.b.w.embedded.tomcat.TomcatWebServer  : Tomcat initialized with port 8080 (http)
2025-12-21T20:27:10.488+03:00  INFO 12835 --- [IT_market] [restartedMain] o.apache.catalina.core.StandardService   : Starting service [Tomcat]
2025-12-21T20:27:10.489+03:00  INFO 12835 --- [IT_market] [restartedMain] o.apache.catalina.core.StandardEngine    : Starting Servlet engine: [Apache Tomcat/10.1.36]
2025-12-21T20:27:10.582+03:00  INFO 12835 --- [IT_market] [restartedMain] o.a.c.c.C.[Tomcat].[localhost].[/]       : Initializing Spring embedded WebApplicationContext
2025-12-21T20:27:10.583+03:00  INFO 12835 --- [IT_market] [restartedMain] w.s.c.ServletWebServerApplicationContext : Root WebApplicationContext: initialization completed in 10171 ms
2025-12-21T20:27:11.878+03:00  INFO 12835 --- [IT_market] [restartedMain] o.hibernate.jpa.internal.util.LogHelper  : HHH000204: Processing PersistenceUnitInfo [name: default]
2025-12-21T20:27:12.169+03:00  INFO 12835 --- [IT_market] [restartedMain] org.hibernate.Version                    : HHH000412: Hibernate ORM core version 6.6.8.Final
2025-12-21T20:27:12.309+03:00  INFO 12835 --- [IT_market] [restartedMain] o.h.c.internal.RegionFactoryInitiator    : HHH000026: Second-level cache disabled
2025-12-21T20:27:13.210+03:00  INFO 12835 --- [IT_market] [restartedMain] o.s.o.j.p.SpringPersistenceUnitInfo      : No LoadTimeWeaver setup: ignoring JPA class transformer
2025-12-21T20:27:13.438+03:00  INFO 12835 --- [IT_market] [restartedMain] com.zaxxer.hikari.HikariDataSource       : HikariPool-1 - Starting...
2025-12-21T20:27:22.171+03:00  INFO 12835 --- [IT_market] [restartedMain] com.zaxxer.hikari.pool.HikariPool        : HikariPool-1 - Added connection org.postgresql.jdbc.PgConnection@70faffc4
2025-12-21T20:27:22.179+03:00  INFO 12835 --- [IT_market] [restartedMain] com.zaxxer.hikari.HikariDataSource       : HikariPool-1 - Start completed.
2025-12-21T20:27:23.006+03:00  WARN 12835 --- [IT_market] [restartedMain] org.hibernate.orm.deprecation            : HHH90000025: PostgreSQLDialect does not need to be specified explicitly using 'hibernate.dialect' (remove the property setting and it will be selected by default)
2025-12-21T20:27:23.632+03:00  INFO 12835 --- [IT_market] [restartedMain] org.hibernate.orm.connections.pooling    : HHH10001005: Database info:
	Database JDBC URL [Connecting through datasource 'HikariDataSource (HikariPool-1)']
	Database driver: undefined/unknown
	Database version: 17.7
	Autocommit mode: undefined/unknown
	Isolation level: undefined/unknown
	Minimum pool size: undefined/unknown
	Maximum pool size: undefined/unknown
2025-12-21T20:27:28.302+03:00  INFO 12835 --- [IT_market] [restartedMain] o.h.e.t.j.p.i.JtaPlatformInitiator       : HHH000489: No JTA platform available (set 'hibernate.transaction.jta.platform' to enable JTA platform integration)
2025-12-21T20:27:55.950+03:00  INFO 12835 --- [IT_market] [restartedMain] j.LocalContainerEntityManagerFactoryBean : Initialized JPA EntityManagerFactory for persistence unit 'default'
2025-12-21T20:28:13.971+03:00  INFO 12835 --- [IT_market] [restartedMain] o.s.d.j.r.query.QueryEnhancerFactory     : Hibernate is in classpath; If applicable, HQL parser will be used.
2025-12-21T20:28:25.710+03:00  INFO 12835 --- [IT_market] [restartedMain] o.s.b.a.w.s.WelcomePageHandlerMapping    : Adding welcome page template: index
2025-12-21T20:28:33.179+03:00  INFO 12835 --- [IT_market] [restartedMain] o.s.b.d.a.OptionalLiveReloadServer       : LiveReload server is running on port 35729
2025-12-21T20:28:33.233+03:00  INFO 12835 --- [IT_market] [restartedMain] o.s.b.a.e.web.EndpointLinksResolver      : Exposing 1 endpoint beneath base path '/actuator'
2025-12-21T20:28:33.802+03:00  INFO 12835 --- [IT_market] [restartedMain] o.s.m.s.b.SimpleBrokerMessageHandler     : Starting...
2025-12-21T20:28:33.805+03:00  INFO 12835 --- [IT_market] [restartedMain] o.s.m.s.b.SimpleBrokerMessageHandler     : BrokerAvailabilityEvent[available=true, SimpleBrokerMessageHandler [org.springframework.messaging.simp.broker.DefaultSubscriptionRegistry@5d49a064]]
2025-12-21T20:28:33.818+03:00  INFO 12835 --- [IT_market] [restartedMain] o.s.m.s.b.SimpleBrokerMessageHandler     : Started.
2025-12-21T20:28:34.758+03:00  INFO 12835 --- [IT_market] [restartedMain] o.s.b.w.embedded.tomcat.TomcatWebServer  : Tomcat started on port 8080 (http) with context path '/'
2025-12-21T20:28:34.839+03:00  INFO 12835 --- [IT_market] [restartedMain] com.IT_market.ItMarketApplication        : Started ItMarketApplication in 97.296 seconds (process running for 99.498)
2025-12-21T20:29:33.489+03:00  INFO 12835 --- [IT_market] [MessageBroker-1] o.s.w.s.c.WebSocketMessageBrokerStats    : WebSocketSession[0 current WS(0)-HttpStream(0)-HttpPoll(0), 0 total, 0 closed abnormally (0 connect failure, 0 send limit, 0 transport error)], stompSubProtocol[processed CONNECT(0)-CONNECTED(0)-DISCONNECT(0)], stompBrokerRelay[null], inboundChannel[pool size = 0, active threads = 0, queued tasks = 0, completed tasks = 0], outboundChannel[pool size = 0, active threads = 0, queued tasks = 0, completed tasks = 0], sockJsScheduler[pool size = 1, active threads = 1, queued tasks = 0, completed tasks = 0]
2025-12-21T20:36:38.076+03:00  INFO 12835 --- [IT_market] [SpringApplicationShutdownHook] o.s.b.w.e.tomcat.GracefulShutdown        : Commencing graceful shutdown. Waiting for active requests to complete
2025-12-21T20:36:38.082+03:00  INFO 12835 --- [IT_market] [tomcat-shutdown] o.s.b.w.e.tomcat.GracefulShutdown        : Graceful shutdown complete
2025-12-21T20:36:38.086+03:00  INFO 12835 --- [IT_market] [SpringApplicationShutdownHook] o.s.m.s.b.SimpleBrokerMessageHandler     : Stopping...
2025-12-21T20:36:38.087+03:00  INFO 12835 --- [IT_market] [SpringApplicationShutdownHook] o.s.m.s.b.SimpleBrokerMessageHandler     : BrokerAvailabilityEvent[available=false, SimpleBrokerMessageHandler [org.springframework.messaging.simp.broker.DefaultSubscriptionRegistry@5d49a064]]
2025-12-21T20:36:38.087+03:00  INFO 12835 --- [IT_market] [SpringApplicationShutdownHook] o.s.m.s.b.SimpleBrokerMessageHandler     : Stopped.
2025-12-21T20:36:38.214+03:00  INFO 12835 --- [IT_market] [SpringApplicationShutdownHook] j.LocalContainerEntityManagerFactoryBean : Closing JPA EntityManagerFactory for persistence unit 'default'
2025-12-21T20:36:38.234+03:00  INFO 12835 --- [IT_market] [SpringApplicationShutdownHook] com.zaxxer.hikari.HikariDataSource       : HikariPool-1 - Shutdown initiated...
2025-12-21T20:36:38.271+03:00  INFO 12835 --- [IT_market] [SpringApplicationShutdownHook] com.zaxxer.hikari.HikariDataSource       : HikariPool-1 - Shutdown completed.
2025-12-21T20:39:17.873+03:00  INFO 16288 --- [IT_market] [restartedMain] com.IT_market.ItMarketApplication        : Starting ItMarketApplication using Java 21.0.9-ea with PID 16288 (/home/nalwoga/Downloads/IT_market/target/classes started by nalwoga in /home/nalwoga/Downloads/IT_market)
2025-12-21T20:39:17.894+03:00 DEBUG 16288 --- [IT_market] [restartedMain] com.IT_market.ItMarketApplication        : Running with Spring Boot v3.4.3, Spring v6.2.3
2025-12-21T20:39:17.897+03:00  INFO 16288 --- [IT_market] [restartedMain] com.IT_market.ItMarketApplication        : No active profile set, falling back to 1 default profile: "default"
2025-12-21T20:39:18.381+03:00  INFO 16288 --- [IT_market] [restartedMain] .e.DevToolsPropertyDefaultsPostProcessor : Devtools property defaults active! Set 'spring.devtools.add-properties' to 'false' to disable
2025-12-21T20:39:18.382+03:00  INFO 16288 --- [IT_market] [restartedMain] .e.DevToolsPropertyDefaultsPostProcessor : For additional web related logging consider setting the 'logging.level.web' property to 'DEBUG'
2025-12-21T20:39:30.679+03:00  INFO 16288 --- [IT_market] [restartedMain] .s.d.r.c.RepositoryConfigurationDelegate : Multiple Spring Data modules found, entering strict repository configuration mode
2025-12-21T20:39:30.684+03:00  INFO 16288 --- [IT_market] [restartedMain] .s.d.r.c.RepositoryConfigurationDelegate : Bootstrapping Spring Data JPA repositories in DEFAULT mode.
2025-12-21T20:39:33.219+03:00  INFO 16288 --- [IT_market] [restartedMain] .s.d.r.c.RepositoryConfigurationDelegate : Finished Spring Data repository scanning in 2327 ms. Found 7 JPA repository interfaces.
2025-12-21T20:39:33.342+03:00  INFO 16288 --- [IT_market] [restartedMain] .s.d.r.c.RepositoryConfigurationDelegate : Multiple Spring Data modules found, entering strict repository configuration mode
2025-12-21T20:39:33.344+03:00  INFO 16288 --- [IT_market] [restartedMain] .s.d.r.c.RepositoryConfigurationDelegate : Bootstrapping Spring Data Redis repositories in DEFAULT mode.
2025-12-21T20:39:33.370+03:00  INFO 16288 --- [IT_market] [restartedMain] .RepositoryConfigurationExtensionSupport : Spring Data Redis - Could not safely identify store assignment for repository candidate interface com.IT_market.repository.NotificationRepository; If you want this repository to be a Redis repository, consider annotating your entities with one of these annotations: org.springframework.data.redis.core.RedisHash (preferred), or consider extending one of the following types with your repository: org.springframework.data.keyvalue.repository.KeyValueRepository
2025-12-21T20:39:33.371+03:00  INFO 16288 --- [IT_market] [restartedMain] .RepositoryConfigurationExtensionSupport : Spring Data Redis - Could not safely identify store assignment for repository candidate interface com.IT_market.repository.OrderItemRepository; If you want this repository to be a Redis repository, consider annotating your entities with one of these annotations: org.springframework.data.redis.core.RedisHash (preferred), or consider extending one of the following types with your repository: org.springframework.data.keyvalue.repository.KeyValueRepository
2025-12-21T20:39:33.371+03:00  INFO 16288 --- [IT_market] [restartedMain] .RepositoryConfigurationExtensionSupport : Spring Data Redis - Could not safely identify store assignment for repository candidate interface com.IT_market.repository.OrderRepository; If you want this repository to be a Redis repository, consider annotating your entities with one of these annotations: org.springframework.data.redis.core.RedisHash (preferred), or consider extending one of the following types with your repository: org.springframework.data.keyvalue.repository.KeyValueRepository
2025-12-21T20:39:33.372+03:00  INFO 16288 --- [IT_market] [restartedMain] .RepositoryConfigurationExtensionSupport : Spring Data Redis - Could not safely identify store assignment for repository candidate interface com.IT_market.repository.ProductRepository; If you want this repository to be a Redis repository, consider annotating your entities with one of these annotations: org.springframework.data.redis.core.RedisHash (preferred), or consider extending one of the following types with your repository: org.springframework.data.keyvalue.repository.KeyValueRepository
2025-12-21T20:39:33.373+03:00  INFO 16288 --- [IT_market] [restartedMain] .RepositoryConfigurationExtensionSupport : Spring Data Redis - Could not safely identify store assignment for repository candidate interface com.IT_market.repository.RoleRepository; If you want this repository to be a Redis repository, consider annotating your entities with one of these annotations: org.springframework.data.redis.core.RedisHash (preferred), or consider extending one of the following types with your repository: org.springframework.data.keyvalue.repository.KeyValueRepository
2025-12-21T20:39:33.374+03:00  INFO 16288 --- [IT_market] [restartedMain] .RepositoryConfigurationExtensionSupport : Spring Data Redis - Could not safely identify store assignment for repository candidate interface com.IT_market.repository.SellRequestRepository; If you want this repository to be a Redis repository, consider annotating your entities with one of these annotations: org.springframework.data.redis.core.RedisHash (preferred), or consider extending one of the following types with your repository: org.springframework.data.keyvalue.repository.KeyValueRepository
2025-12-21T20:39:33.376+03:00  INFO 16288 --- [IT_market] [restartedMain] .RepositoryConfigurationExtensionSupport : Spring Data Redis - Could not safely identify store assignment for repository candidate interface com.IT_market.repository.UserRepository; If you want this repository to be a Redis repository, consider annotating your entities with one of these annotations: org.springframework.data.redis.core.RedisHash (preferred), or consider extending one of the following types with your repository: org.springframework.data.keyvalue.repository.KeyValueRepository
2025-12-21T20:39:33.377+03:00  INFO 16288 --- [IT_market] [restartedMain] .s.d.r.c.RepositoryConfigurationDelegate : Finished Spring Data repository scanning in 19 ms. Found 0 Redis repository interfaces.
2025-12-21T20:39:41.337+03:00  INFO 16288 --- [IT_market] [restartedMain] o.s.b.w.embedded.tomcat.TomcatWebServer  : Tomcat initialized with port 8080 (http)
2025-12-21T20:39:41.631+03:00  INFO 16288 --- [IT_market] [restartedMain] o.apache.catalina.core.StandardService   : Starting service [Tomcat]
2025-12-21T20:39:41.632+03:00  INFO 16288 --- [IT_market] [restartedMain] o.apache.catalina.core.StandardEngine    : Starting Servlet engine: [Apache Tomcat/10.1.36]
2025-12-21T20:39:41.912+03:00  INFO 16288 --- [IT_market] [restartedMain] o.a.c.c.C.[Tomcat].[localhost].[/]       : Initializing Spring embedded WebApplicationContext
2025-12-21T20:39:41.913+03:00  INFO 16288 --- [IT_market] [restartedMain] w.s.c.ServletWebServerApplicationContext : Root WebApplicationContext: initialization completed in 23531 ms
2025-12-21T20:39:45.465+03:00  INFO 16288 --- [IT_market] [restartedMain] o.hibernate.jpa.internal.util.LogHelper  : HHH000204: Processing PersistenceUnitInfo [name: default]
2025-12-21T20:39:48.904+03:00  INFO 16288 --- [IT_market] [restartedMain] org.hibernate.Version                    : HHH000412: Hibernate ORM core version 6.6.8.Final
2025-12-21T20:39:50.014+03:00  INFO 16288 --- [IT_market] [restartedMain] o.h.c.internal.RegionFactoryInitiator    : HHH000026: Second-level cache disabled
2025-12-21T20:39:56.162+03:00  INFO 16288 --- [IT_market] [restartedMain] o.s.o.j.p.SpringPersistenceUnitInfo      : No LoadTimeWeaver setup: ignoring JPA class transformer
2025-12-21T20:39:58.528+03:00  INFO 16288 --- [IT_market] [restartedMain] com.zaxxer.hikari.HikariDataSource       : HikariPool-1 - Starting...
2025-12-21T20:40:11.425+03:00  INFO 16288 --- [IT_market] [restartedMain] com.zaxxer.hikari.pool.HikariPool        : HikariPool-1 - Added connection org.postgresql.jdbc.PgConnection@64793cca
2025-12-21T20:40:11.440+03:00  INFO 16288 --- [IT_market] [restartedMain] com.zaxxer.hikari.HikariDataSource       : HikariPool-1 - Start completed.
2025-12-21T20:40:12.331+03:00  WARN 16288 --- [IT_market] [restartedMain] org.hibernate.orm.deprecation            : HHH90000025: PostgreSQLDialect does not need to be specified explicitly using 'hibernate.dialect' (remove the property setting and it will be selected by default)
2025-12-21T20:40:13.050+03:00  INFO 16288 --- [IT_market] [restartedMain] org.hibernate.orm.connections.pooling    : HHH10001005: Database info:
	Database JDBC URL [Connecting through datasource 'HikariDataSource (HikariPool-1)']
	Database driver: undefined/unknown
	Database version: 17.7
	Autocommit mode: undefined/unknown
	Isolation level: undefined/unknown
	Minimum pool size: undefined/unknown
	Maximum pool size: undefined/unknown
2025-12-21T20:40:20.190+03:00  INFO 16288 --- [IT_market] [restartedMain] o.h.e.t.j.p.i.JtaPlatformInitiator       : HHH000489: No JTA platform available (set 'hibernate.transaction.jta.platform' to enable JTA platform integration)
2025-12-21T20:40:53.909+03:00  INFO 16288 --- [IT_market] [restartedMain] j.LocalContainerEntityManagerFactoryBean : Initialized JPA EntityManagerFactory for persistence unit 'default'
2025-12-21T20:41:09.103+03:00  INFO 16288 --- [IT_market] [restartedMain] o.s.d.j.r.query.QueryEnhancerFactory     : Hibernate is in classpath; If applicable, HQL parser will be used.
2025-12-21T20:41:37.655+03:00  INFO 16288 --- [IT_market] [restartedMain] o.s.b.a.w.s.WelcomePageHandlerMapping    : Adding welcome page template: index
2025-12-21T20:42:09.391+03:00  INFO 16288 --- [IT_market] [restartedMain] o.s.b.d.a.OptionalLiveReloadServer       : LiveReload server is running on port 35729
2025-12-21T20:42:10.179+03:00  INFO 16288 --- [IT_market] [restartedMain] o.s.b.a.e.web.EndpointLinksResolver      : Exposing 1 endpoint beneath base path '/actuator'
2025-12-21T20:42:17.928+03:00  INFO 16288 --- [IT_market] [restartedMain] o.s.m.s.b.SimpleBrokerMessageHandler     : Starting...
2025-12-21T20:42:17.951+03:00  INFO 16288 --- [IT_market] [restartedMain] o.s.m.s.b.SimpleBrokerMessageHandler     : BrokerAvailabilityEvent[available=true, SimpleBrokerMessageHandler [org.springframework.messaging.simp.broker.DefaultSubscriptionRegistry@6be0864c]]
2025-12-21T20:42:18.034+03:00  INFO 16288 --- [IT_market] [restartedMain] o.s.m.s.b.SimpleBrokerMessageHandler     : Started.
2025-12-21T20:42:18.712+03:00  INFO 16288 --- [IT_market] [restartedMain] o.s.b.w.embedded.tomcat.TomcatWebServer  : Tomcat started on port 8080 (http) with context path '/'
2025-12-21T20:42:18.838+03:00  INFO 16288 --- [IT_market] [restartedMain] com.IT_market.ItMarketApplication        : Started ItMarketApplication in 190.261 seconds (process running for 203.484)
2025-12-21T20:42:45.827+03:00  INFO 16288 --- [IT_market] [http-nio-0.0.0.0-8080-exec-2] o.a.c.c.C.[Tomcat].[localhost].[/]       : Initializing Spring DispatcherServlet 'dispatcherServlet'
2025-12-21T20:42:45.829+03:00  INFO 16288 --- [IT_market] [http-nio-0.0.0.0-8080-exec-2] o.s.web.servlet.DispatcherServlet        : Initializing Servlet 'dispatcherServlet'
2025-12-21T20:42:45.840+03:00  INFO 16288 --- [IT_market] [http-nio-0.0.0.0-8080-exec-2] o.s.web.servlet.DispatcherServlet        : Completed initialization in 9 ms
2025-12-21T20:43:10.977+03:00  INFO 16288 --- [IT_market] [MessageBroker-1] o.s.w.s.c.WebSocketMessageBrokerStats    : WebSocketSession[0 current WS(0)-HttpStream(0)-HttpPoll(0), 0 total, 0 closed abnormally (0 connect failure, 0 send limit, 0 transport error)], stompSubProtocol[processed CONNECT(0)-CONNECTED(0)-DISCONNECT(0)], stompBrokerRelay[null], inboundChannel[pool size = 0, active threads = 0, queued tasks = 0, completed tasks = 0], outboundChannel[pool size = 0, active threads = 0, queued tasks = 0, completed tasks = 0], sockJsScheduler[pool size = 1, active threads = 1, queued tasks = 0, completed tasks = 0]
2025-12-21T20:45:17.393+03:00 DEBUG 16288 --- [IT_market] [http-nio-0.0.0.0-8080-exec-5] org.hibernate.SQL                        : 
    select
        u1_0.id 
    from
        users u1_0 
    where
        u1_0.username=? 
    fetch
        first ? rows only
2025-12-21T20:45:18.893+03:00 DEBUG 16288 --- [IT_market] [http-nio-0.0.0.0-8080-exec-5] org.hibernate.SQL                        : 
    select
        u1_0.id 
    from
        users u1_0 
    where
        u1_0.email=? 
    fetch
        first ? rows only
2025-12-21T20:45:19.418+03:00 DEBUG 16288 --- [IT_market] [http-nio-0.0.0.0-8080-exec-5] org.hibernate.SQL                        : 
    select
        r1_0.id,
        r1_0.name 
    from
        roles r1_0 
    where
        r1_0.name=?
2025-12-21T20:45:19.923+03:00 DEBUG 16288 --- [IT_market] [http-nio-0.0.0.0-8080-exec-5] org.hibernate.SQL                        : 
    insert 
    into
        roles
        (name) 
    values
        (?)
2025-12-21T20:45:27.355+03:00 DEBUG 16288 --- [IT_market] [http-nio-0.0.0.0-8080-exec-5] org.hibernate.SQL                        : 
    insert 
    into
        users
        (business_account, business_address, business_type, company_name, created_at, email, enabled, first_name, last_login, last_name, password, phone_number, role, seller_type, tax_id, updated_at, username, verified) 
    values
        (?, ?, ?, ?, ?, ?, ?, ?, ?, ?, ?, ?, ?, ?, ?, ?, ?, ?)
2025-12-21T20:45:32.723+03:00  WARN 16288 --- [IT_market] [http-nio-0.0.0.0-8080-exec-5] o.h.engine.jdbc.spi.SqlExceptionHelper   : SQL Error: 0, SQLState: 23502
2025-12-21T20:45:32.724+03:00 ERROR 16288 --- [IT_market] [http-nio-0.0.0.0-8080-exec-5] o.h.engine.jdbc.spi.SqlExceptionHelper   : ERROR: null value in column "full_name" of relation "users" violates not-null constraint
  Detail: Failing row contains (1, null, null, null, null, 2025-12-21 20:45:19.401456, ritah32@gmail.com, null, null, $2a$10$.AEAoCTi4jdZMXI1IYNYoO/HgLDNeob62QoZPpP9FVXHYiXwfsF3q, null, 2025-12-21 20:45:19.40148, rah, null, null, null, null, null, null, null, f, t, Akello, Ritah, BUYER, null, f).
2025-12-21T20:48:11.957+03:00  INFO 16288 --- [IT_market] [File Watcher] rtingClassPathChangeChangedEventListener : Restarting due to 1 class path change (0 additions, 1 deletion, 0 modifications)
2025-12-21T20:48:12.036+03:00  INFO 16288 --- [IT_market] [Thread-5] o.s.b.w.e.tomcat.GracefulShutdown        : Commencing graceful shutdown. Waiting for active requests to complete
2025-12-21T20:48:12.041+03:00  INFO 16288 --- [IT_market] [tomcat-shutdown] o.s.b.w.e.tomcat.GracefulShutdown        : Graceful shutdown complete
2025-12-21T20:48:12.072+03:00  INFO 16288 --- [IT_market] [Thread-5] o.s.m.s.b.SimpleBrokerMessageHandler     : Stopping...
2025-12-21T20:48:12.072+03:00  INFO 16288 --- [IT_market] [Thread-5] o.s.m.s.b.SimpleBrokerMessageHandler     : BrokerAvailabilityEvent[available=false, SimpleBrokerMessageHandler [org.springframework.messaging.simp.broker.DefaultSubscriptionRegistry@6be0864c]]
2025-12-21T20:48:12.072+03:00  INFO 16288 --- [IT_market] [Thread-5] o.s.m.s.b.SimpleBrokerMessageHandler     : Stopped.
2025-12-21T20:48:14.446+03:00  INFO 16288 --- [IT_market] [Thread-5] j.LocalContainerEntityManagerFactoryBean : Closing JPA EntityManagerFactory for persistence unit 'default'
2025-12-21T20:48:15.356+03:00  INFO 16288 --- [IT_market] [Thread-5] com.zaxxer.hikari.HikariDataSource       : HikariPool-1 - Shutdown initiated...
2025-12-21T20:48:18.113+03:00  INFO 16288 --- [IT_market] [Thread-5] com.zaxxer.hikari.HikariDataSource       : HikariPool-1 - Shutdown completed.
2025-12-21T20:49:35.204+03:00  INFO 16288 --- [IT_market] [restartedMain] com.IT_market.ItMarketApplication        : Starting ItMarketApplication using Java 21.0.9-ea with PID 16288 (/home/nalwoga/Downloads/IT_market/target/classes started by nalwoga in /home/nalwoga/Downloads/IT_market)
2025-12-21T20:49:35.205+03:00 DEBUG 16288 --- [IT_market] [restartedMain] com.IT_market.ItMarketApplication        : Running with Spring Boot v3.4.3, Spring v6.2.3
2025-12-21T20:49:35.205+03:00  INFO 16288 --- [IT_market] [restartedMain] com.IT_market.ItMarketApplication        : No active profile set, falling back to 1 default profile: "default"
2025-12-21T20:49:35.629+03:00  INFO 16288 --- [IT_market] [restartedMain] .s.d.r.c.RepositoryConfigurationDelegate : Multiple Spring Data modules found, entering strict repository configuration mode
2025-12-21T20:49:35.629+03:00  INFO 16288 --- [IT_market] [restartedMain] .s.d.r.c.RepositoryConfigurationDelegate : Bootstrapping Spring Data JPA repositories in DEFAULT mode.
2025-12-21T20:49:35.657+03:00  INFO 16288 --- [IT_market] [restartedMain] .s.d.r.c.RepositoryConfigurationDelegate : Finished Spring Data repository scanning in 27 ms. Found 7 JPA repository interfaces.
2025-12-21T20:49:35.661+03:00  INFO 16288 --- [IT_market] [restartedMain] .s.d.r.c.RepositoryConfigurationDelegate : Multiple Spring Data modules found, entering strict repository configuration mode
2025-12-21T20:49:35.663+03:00  INFO 16288 --- [IT_market] [restartedMain] .s.d.r.c.RepositoryConfigurationDelegate : Bootstrapping Spring Data Redis repositories in DEFAULT mode.
2025-12-21T20:49:35.669+03:00  INFO 16288 --- [IT_market] [restartedMain] .RepositoryConfigurationExtensionSupport : Spring Data Redis - Could not safely identify store assignment for repository candidate interface com.IT_market.repository.NotificationRepository; If you want this repository to be a Redis repository, consider annotating your entities with one of these annotations: org.springframework.data.redis.core.RedisHash (preferred), or consider extending one of the following types with your repository: org.springframework.data.keyvalue.repository.KeyValueRepository
2025-12-21T20:49:35.669+03:00  INFO 16288 --- [IT_market] [restartedMain] .RepositoryConfigurationExtensionSupport : Spring Data Redis - Could not safely identify store assignment for repository candidate interface com.IT_market.repository.OrderItemRepository; If you want this repository to be a Redis repository, consider annotating your entities with one of these annotations: org.springframework.data.redis.core.RedisHash (preferred), or consider extending one of the following types with your repository: org.springframework.data.keyvalue.repository.KeyValueRepository
2025-12-21T20:49:35.670+03:00  INFO 16288 --- [IT_market] [restartedMain] .RepositoryConfigurationExtensionSupport : Spring Data Redis - Could not safely identify store assignment for repository candidate interface com.IT_market.repository.OrderRepository; If you want this repository to be a Redis repository, consider annotating your entities with one of these annotations: org.springframework.data.redis.core.RedisHash (preferred), or consider extending one of the following types with your repository: org.springframework.data.keyvalue.repository.KeyValueRepository
2025-12-21T20:49:35.670+03:00  INFO 16288 --- [IT_market] [restartedMain] .RepositoryConfigurationExtensionSupport : Spring Data Redis - Could not safely identify store assignment for repository candidate interface com.IT_market.repository.ProductRepository; If you want this repository to be a Redis repository, consider annotating your entities with one of these annotations: org.springframework.data.redis.core.RedisHash (preferred), or consider extending one of the following types with your repository: org.springframework.data.keyvalue.repository.KeyValueRepository
2025-12-21T20:49:35.670+03:00  INFO 16288 --- [IT_market] [restartedMain] .RepositoryConfigurationExtensionSupport : Spring Data Redis - Could not safely identify store assignment for repository candidate interface com.IT_market.repository.RoleRepository; If you want this repository to be a Redis repository, consider annotating your entities with one of these annotations: org.springframework.data.redis.core.RedisHash (preferred), or consider extending one of the following types with your repository: org.springframework.data.keyvalue.repository.KeyValueRepository
2025-12-21T20:49:35.671+03:00  INFO 16288 --- [IT_market] [restartedMain] .RepositoryConfigurationExtensionSupport : Spring Data Redis - Could not safely identify store assignment for repository candidate interface com.IT_market.repository.SellRequestRepository; If you want this repository to be a Redis repository, consider annotating your entities with one of these annotations: org.springframework.data.redis.core.RedisHash (preferred), or consider extending one of the following types with your repository: org.springframework.data.keyvalue.repository.KeyValueRepository
2025-12-21T20:49:35.671+03:00  INFO 16288 --- [IT_market] [restartedMain] .RepositoryConfigurationExtensionSupport : Spring Data Redis - Could not safely identify store assignment for repository candidate interface com.IT_market.repository.UserRepository; If you want this repository to be a Redis repository, consider annotating your entities with one of these annotations: org.springframework.data.redis.core.RedisHash (preferred), or consider extending one of the following types with your repository: org.springframework.data.keyvalue.repository.KeyValueRepository
2025-12-21T20:49:35.671+03:00  INFO 16288 --- [IT_market] [restartedMain] .s.d.r.c.RepositoryConfigurationDelegate : Finished Spring Data repository scanning in 5 ms. Found 0 Redis repository interfaces.
2025-12-21T20:49:35.865+03:00  INFO 16288 --- [IT_market] [restartedMain] o.s.b.w.embedded.tomcat.TomcatWebServer  : Tomcat initialized with port 8080 (http)
2025-12-21T20:49:35.867+03:00  INFO 16288 --- [IT_market] [restartedMain] o.apache.catalina.core.StandardService   : Starting service [Tomcat]
2025-12-21T20:49:35.867+03:00  INFO 16288 --- [IT_market] [restartedMain] o.apache.catalina.core.StandardEngine    : Starting Servlet engine: [Apache Tomcat/10.1.36]
2025-12-21T20:49:35.885+03:00  INFO 16288 --- [IT_market] [restartedMain] o.a.c.c.C.[Tomcat-10].[localhost].[/]    : Initializing Spring embedded WebApplicationContext
2025-12-21T20:49:35.885+03:00  INFO 16288 --- [IT_market] [restartedMain] w.s.c.ServletWebServerApplicationContext : Root WebApplicationContext: initialization completed in 678 ms
2025-12-21T20:49:36.502+03:00  INFO 16288 --- [IT_market] [restartedMain] o.hibernate.jpa.internal.util.LogHelper  : HHH000204: Processing PersistenceUnitInfo [name: default]
2025-12-21T20:49:36.516+03:00  INFO 16288 --- [IT_market] [restartedMain] o.h.c.internal.RegionFactoryInitiator    : HHH000026: Second-level cache disabled
2025-12-21T20:49:36.792+03:00  INFO 16288 --- [IT_market] [restartedMain] o.s.o.j.p.SpringPersistenceUnitInfo      : No LoadTimeWeaver setup: ignoring JPA class transformer
2025-12-21T20:49:36.797+03:00  INFO 16288 --- [IT_market] [restartedMain] com.zaxxer.hikari.HikariDataSource       : HikariPool-2 - Starting...
2025-12-21T20:49:45.394+03:00  INFO 16288 --- [IT_market] [restartedMain] com.zaxxer.hikari.pool.HikariPool        : HikariPool-2 - Added connection org.postgresql.jdbc.PgConnection@3a26c530
2025-12-21T20:49:45.395+03:00  INFO 16288 --- [IT_market] [restartedMain] com.zaxxer.hikari.HikariDataSource       : HikariPool-2 - Start completed.
2025-12-21T20:49:45.682+03:00  WARN 16288 --- [IT_market] [restartedMain] org.hibernate.orm.deprecation            : HHH90000025: PostgreSQLDialect does not need to be specified explicitly using 'hibernate.dialect' (remove the property setting and it will be selected by default)
2025-12-21T20:49:46.748+03:00  INFO 16288 --- [IT_market] [restartedMain] org.hibernate.orm.connections.pooling    : HHH10001005: Database info:
	Database JDBC URL [Connecting through datasource 'HikariDataSource (HikariPool-2)']
	Database driver: undefined/unknown
	Database version: 17.7
	Autocommit mode: undefined/unknown
	Isolation level: undefined/unknown
	Minimum pool size: undefined/unknown
	Maximum pool size: undefined/unknown
2025-12-21T20:49:47.404+03:00  INFO 16288 --- [IT_market] [restartedMain] o.h.e.t.j.p.i.JtaPlatformInitiator       : HHH000489: No JTA platform available (set 'hibernate.transaction.jta.platform' to enable JTA platform integration)
2025-12-21T20:50:15.272+03:00  INFO 16288 --- [IT_market] [restartedMain] j.LocalContainerEntityManagerFactoryBean : Initialized JPA EntityManagerFactory for persistence unit 'default'
2025-12-21T20:50:23.157+03:00  INFO 16288 --- [IT_market] [restartedMain] o.s.b.a.w.s.WelcomePageHandlerMapping    : Adding welcome page template: index
2025-12-21T20:50:47.878+03:00  INFO 16288 --- [IT_market] [restartedMain] o.s.b.d.a.OptionalLiveReloadServer       : LiveReload server is running on port 35729
2025-12-21T20:50:47.893+03:00  INFO 16288 --- [IT_market] [restartedMain] o.s.b.a.e.web.EndpointLinksResolver      : Exposing 1 endpoint beneath base path '/actuator'
2025-12-21T20:50:47.940+03:00  INFO 16288 --- [IT_market] [restartedMain] o.s.m.s.b.SimpleBrokerMessageHandler     : Starting...
2025-12-21T20:50:47.941+03:00  INFO 16288 --- [IT_market] [restartedMain] o.s.m.s.b.SimpleBrokerMessageHandler     : BrokerAvailabilityEvent[available=true, SimpleBrokerMessageHandler [org.springframework.messaging.simp.broker.DefaultSubscriptionRegistry@6452e0ad]]
2025-12-21T20:50:47.941+03:00  INFO 16288 --- [IT_market] [restartedMain] o.s.m.s.b.SimpleBrokerMessageHandler     : Started.
2025-12-21T20:50:47.947+03:00  INFO 16288 --- [IT_market] [restartedMain] o.s.b.w.embedded.tomcat.TomcatWebServer  : Tomcat started on port 8080 (http) with context path '/'
2025-12-21T20:50:47.965+03:00  INFO 16288 --- [IT_market] [restartedMain] com.IT_market.ItMarketApplication        : Started ItMarketApplication in 72.817 seconds (process running for 712.611)
2025-12-21T20:50:47.975+03:00  INFO 16288 --- [IT_market] [restartedMain] .ConditionEvaluationDeltaLoggingListener : Condition evaluation unchanged
2025-12-21T20:51:47.929+03:00  INFO 16288 --- [IT_market] [MessageBroker-1] o.s.w.s.c.WebSocketMessageBrokerStats    : WebSocketSession[0 current WS(0)-HttpStream(0)-HttpPoll(0), 0 total, 0 closed abnormally (0 connect failure, 0 send limit, 0 transport error)], stompSubProtocol[processed CONNECT(0)-CONNECTED(0)-DISCONNECT(0)], stompBrokerRelay[null], inboundChannel[pool size = 0, active threads = 0, queued tasks = 0, completed tasks = 0], outboundChannel[pool size = 0, active threads = 0, queued tasks = 0, completed tasks = 0], sockJsScheduler[pool size = 1, active threads = 1, queued tasks = 0, completed tasks = 0]
2025-12-21T20:54:04.628+03:00  INFO 16288 --- [IT_market] [File Watcher] rtingClassPathChangeChangedEventListener : Restarting due to 1 class path change (0 additions, 0 deletions, 1 modification)
2025-12-21T20:54:04.631+03:00  INFO 16288 --- [IT_market] [Thread-7] o.s.b.w.e.tomcat.GracefulShutdown        : Commencing graceful shutdown. Waiting for active requests to complete
2025-12-21T20:54:04.633+03:00  INFO 16288 --- [IT_market] [tomcat-shutdown] o.s.b.w.e.tomcat.GracefulShutdown        : Graceful shutdown complete
2025-12-21T20:54:04.634+03:00  INFO 16288 --- [IT_market] [Thread-7] o.s.m.s.b.SimpleBrokerMessageHandler     : Stopping...
2025-12-21T20:54:04.635+03:00  INFO 16288 --- [IT_market] [Thread-7] o.s.m.s.b.SimpleBrokerMessageHandler     : BrokerAvailabilityEvent[available=false, SimpleBrokerMessageHandler [org.springframework.messaging.simp.broker.DefaultSubscriptionRegistry@6452e0ad]]
2025-12-21T20:54:04.635+03:00  INFO 16288 --- [IT_market] [Thread-7] o.s.m.s.b.SimpleBrokerMessageHandler     : Stopped.
2025-12-21T20:54:04.641+03:00  INFO 16288 --- [IT_market] [Thread-7] j.LocalContainerEntityManagerFactoryBean : Closing JPA EntityManagerFactory for persistence unit 'default'
2025-12-21T20:54:04.643+03:00  INFO 16288 --- [IT_market] [Thread-7] com.zaxxer.hikari.HikariDataSource       : HikariPool-2 - Shutdown initiated...
2025-12-21T20:54:08.129+03:00  INFO 16288 --- [IT_market] [Thread-7] com.zaxxer.hikari.HikariDataSource       : HikariPool-2 - Shutdown completed.
2025-12-21T20:54:13.056+03:00  INFO 16288 --- [IT_market] [restartedMain] com.IT_market.ItMarketApplication        : Starting ItMarketApplication using Java 21.0.9-ea with PID 16288 (/home/nalwoga/Downloads/IT_market/target/classes started by nalwoga in /home/nalwoga/Downloads/IT_market)
2025-12-21T20:54:13.056+03:00 DEBUG 16288 --- [IT_market] [restartedMain] com.IT_market.ItMarketApplication        : Running with Spring Boot v3.4.3, Spring v6.2.3
2025-12-21T20:54:13.058+03:00  INFO 16288 --- [IT_market] [restartedMain] com.IT_market.ItMarketApplication        : No active profile set, falling back to 1 default profile: "default"
2025-12-21T20:54:21.343+03:00  INFO 16288 --- [IT_market] [restartedMain] .s.d.r.c.RepositoryConfigurationDelegate : Multiple Spring Data modules found, entering strict repository configuration mode
2025-12-21T20:54:21.344+03:00  INFO 16288 --- [IT_market] [restartedMain] .s.d.r.c.RepositoryConfigurationDelegate : Bootstrapping Spring Data JPA repositories in DEFAULT mode.
2025-12-21T20:54:21.371+03:00  INFO 16288 --- [IT_market] [restartedMain] .s.d.r.c.RepositoryConfigurationDelegate : Finished Spring Data repository scanning in 25 ms. Found 7 JPA repository interfaces.
2025-12-21T20:54:21.376+03:00  INFO 16288 --- [IT_market] [restartedMain] .s.d.r.c.RepositoryConfigurationDelegate : Multiple Spring Data modules found, entering strict repository configuration mode
2025-12-21T20:54:21.377+03:00  INFO 16288 --- [IT_market] [restartedMain] .s.d.r.c.RepositoryConfigurationDelegate : Bootstrapping Spring Data Redis repositories in DEFAULT mode.
2025-12-21T20:54:21.380+03:00  INFO 16288 --- [IT_market] [restartedMain] .RepositoryConfigurationExtensionSupport : Spring Data Redis - Could not safely identify store assignment for repository candidate interface com.IT_market.repository.NotificationRepository; If you want this repository to be a Redis repository, consider annotating your entities with one of these annotations: org.springframework.data.redis.core.RedisHash (preferred), or consider extending one of the following types with your repository: org.springframework.data.keyvalue.repository.KeyValueRepository
2025-12-21T20:54:21.380+03:00  INFO 16288 --- [IT_market] [restartedMain] .RepositoryConfigurationExtensionSupport : Spring Data Redis - Could not safely identify store assignment for repository candidate interface com.IT_market.repository.OrderItemRepository; If you want this repository to be a Redis repository, consider annotating your entities with one of these annotations: org.springframework.data.redis.core.RedisHash (preferred), or consider extending one of the following types with your repository: org.springframework.data.keyvalue.repository.KeyValueRepository
2025-12-21T20:54:21.381+03:00  INFO 16288 --- [IT_market] [restartedMain] .RepositoryConfigurationExtensionSupport : Spring Data Redis - Could not safely identify store assignment for repository candidate interface com.IT_market.repository.OrderRepository; If you want this repository to be a Redis repository, consider annotating your entities with one of these annotations: org.springframework.data.redis.core.RedisHash (preferred), or consider extending one of the following types with your repository: org.springframework.data.keyvalue.repository.KeyValueRepository
2025-12-21T20:54:21.381+03:00  INFO 16288 --- [IT_market] [restartedMain] .RepositoryConfigurationExtensionSupport : Spring Data Redis - Could not safely identify store assignment for repository candidate interface com.IT_market.repository.ProductRepository; If you want this repository to be a Redis repository, consider annotating your entities with one of these annotations: org.springframework.data.redis.core.RedisHash (preferred), or consider extending one of the following types with your repository: org.springframework.data.keyvalue.repository.KeyValueRepository
2025-12-21T20:54:21.381+03:00  INFO 16288 --- [IT_market] [restartedMain] .RepositoryConfigurationExtensionSupport : Spring Data Redis - Could not safely identify store assignment for repository candidate interface com.IT_market.repository.RoleRepository; If you want this repository to be a Redis repository, consider annotating your entities with one of these annotations: org.springframework.data.redis.core.RedisHash (preferred), or consider extending one of the following types with your repository: org.springframework.data.keyvalue.repository.KeyValueRepository
2025-12-21T20:54:21.381+03:00  INFO 16288 --- [IT_market] [restartedMain] .RepositoryConfigurationExtensionSupport : Spring Data Redis - Could not safely identify store assignment for repository candidate interface com.IT_market.repository.SellRequestRepository; If you want this repository to be a Redis repository, consider annotating your entities with one of these annotations: org.springframework.data.redis.core.RedisHash (preferred), or consider extending one of the following types with your repository: org.springframework.data.keyvalue.repository.KeyValueRepository
2025-12-21T20:54:21.381+03:00  INFO 16288 --- [IT_market] [restartedMain] .RepositoryConfigurationExtensionSupport : Spring Data Redis - Could not safely identify store assignment for repository candidate interface com.IT_market.repository.UserRepository; If you want this repository to be a Redis repository, consider annotating your entities with one of these annotations: org.springframework.data.redis.core.RedisHash (preferred), or consider extending one of the following types with your repository: org.springframework.data.keyvalue.repository.KeyValueRepository
2025-12-21T20:54:21.382+03:00  INFO 16288 --- [IT_market] [restartedMain] .s.d.r.c.RepositoryConfigurationDelegate : Finished Spring Data repository scanning in 3 ms. Found 0 Redis repository interfaces.
2025-12-21T20:54:24.483+03:00  INFO 16288 --- [IT_market] [restartedMain] o.s.b.w.embedded.tomcat.TomcatWebServer  : Tomcat initialized with port 8080 (http)
2025-12-21T20:54:24.484+03:00  INFO 16288 --- [IT_market] [restartedMain] o.apache.catalina.core.StandardService   : Starting service [Tomcat]
2025-12-21T20:54:24.485+03:00  INFO 16288 --- [IT_market] [restartedMain] o.apache.catalina.core.StandardEngine    : Starting Servlet engine: [Apache Tomcat/10.1.36]
2025-12-21T20:54:24.502+03:00  INFO 16288 --- [IT_market] [restartedMain] o.a.c.c.C.[Tomcat-10].[localhost].[/]    : Initializing Spring embedded WebApplicationContext
2025-12-21T20:54:24.502+03:00  INFO 16288 --- [IT_market] [restartedMain] w.s.c.ServletWebServerApplicationContext : Root WebApplicationContext: initialization completed in 11435 ms
2025-12-21T20:54:25.566+03:00  INFO 16288 --- [IT_market] [restartedMain] o.hibernate.jpa.internal.util.LogHelper  : HHH000204: Processing PersistenceUnitInfo [name: default]
2025-12-21T20:54:25.573+03:00  INFO 16288 --- [IT_market] [restartedMain] o.h.c.internal.RegionFactoryInitiator    : HHH000026: Second-level cache disabled
2025-12-21T20:54:27.290+03:00  INFO 16288 --- [IT_market] [restartedMain] o.s.o.j.p.SpringPersistenceUnitInfo      : No LoadTimeWeaver setup: ignoring JPA class transformer
2025-12-21T20:54:27.292+03:00  INFO 16288 --- [IT_market] [restartedMain] com.zaxxer.hikari.HikariDataSource       : HikariPool-3 - Starting...
2025-12-21T20:54:33.778+03:00  INFO 16288 --- [IT_market] [restartedMain] com.zaxxer.hikari.pool.HikariPool        : HikariPool-3 - Added connection org.postgresql.jdbc.PgConnection@169fb026
2025-12-21T20:54:33.779+03:00  INFO 16288 --- [IT_market] [restartedMain] com.zaxxer.hikari.HikariDataSource       : HikariPool-3 - Start completed.
2025-12-21T20:54:35.493+03:00  WARN 16288 --- [IT_market] [restartedMain] org.hibernate.orm.deprecation            : HHH90000025: PostgreSQLDialect does not need to be specified explicitly using 'hibernate.dialect' (remove the property setting and it will be selected by default)
2025-12-21T20:54:36.049+03:00  INFO 16288 --- [IT_market] [restartedMain] org.hibernate.orm.connections.pooling    : HHH10001005: Database info:
	Database JDBC URL [Connecting through datasource 'HikariDataSource (HikariPool-3)']
	Database driver: undefined/unknown
	Database version: 17.7
	Autocommit mode: undefined/unknown
	Isolation level: undefined/unknown
	Minimum pool size: undefined/unknown
	Maximum pool size: undefined/unknown
2025-12-21T20:54:37.118+03:00  INFO 16288 --- [IT_market] [restartedMain] o.h.e.t.j.p.i.JtaPlatformInitiator       : HHH000489: No JTA platform available (set 'hibernate.transaction.jta.platform' to enable JTA platform integration)
2025-12-21T20:54:47.018+03:00 DEBUG 16288 --- [IT_market] [restartedMain] org.hibernate.SQL                        : 
    alter table if exists users 
       alter column full_name set data type varchar(255)
2025-12-21T20:55:06.363+03:00  WARN 16288 --- [IT_market] [restartedMain] com.zaxxer.hikari.pool.ProxyConnection   : HikariPool-3 - Connection org.postgresql.jdbc.PgConnection@169fb026 marked as broken because of SQLSTATE(0A000), ErrorCode(0)

org.postgresql.util.PSQLException: ERROR: cached plan must not change result type
	at org.postgresql.core.v3.QueryExecutorImpl.receiveErrorResponse(QueryExecutorImpl.java:2733) ~[postgresql-42.7.5.jar:42.7.5]
	at org.postgresql.core.v3.QueryExecutorImpl.processResults(QueryExecutorImpl.java:2420) ~[postgresql-42.7.5.jar:42.7.5]
	at org.postgresql.core.v3.QueryExecutorImpl.execute(QueryExecutorImpl.java:372) ~[postgresql-42.7.5.jar:42.7.5]
	at org.postgresql.jdbc.PgStatement.executeInternal(PgStatement.java:517) ~[postgresql-42.7.5.jar:42.7.5]
	at org.postgresql.jdbc.PgStatement.execute(PgStatement.java:443) ~[postgresql-42.7.5.jar:42.7.5]
	at org.postgresql.jdbc.PgPreparedStatement.executeWithFlags(PgPreparedStatement.java:194) ~[postgresql-42.7.5.jar:42.7.5]
	at org.postgresql.jdbc.PgPreparedStatement.executeQuery(PgPreparedStatement.java:137) ~[postgresql-42.7.5.jar:42.7.5]
	at com.zaxxer.hikari.pool.ProxyPreparedStatement.executeQuery(ProxyPreparedStatement.java:52) ~[HikariCP-5.1.0.jar:na]
	at com.zaxxer.hikari.pool.HikariProxyPreparedStatement.executeQuery(HikariProxyPreparedStatement.java) ~[HikariCP-5.1.0.jar:na]
	at org.hibernate.tool.schema.extract.spi.ExtractionContext.getQueryResults(ExtractionContext.java:49) ~[hibernate-core-6.6.8.Final.jar:6.6.8.Final]
	at org.hibernate.tool.schema.extract.internal.InformationExtractorJdbcDatabaseMetaDataImpl.addColumns(InformationExtractorJdbcDatabaseMetaDataImpl.java:170) ~[hibernate-core-6.6.8.Final.jar:6.6.8.Final]
	at org.hibernate.tool.schema.extract.internal.AbstractInformationExtractorImpl.extractTableInformation(AbstractInformationExtractorImpl.java:855) ~[hibernate-core-6.6.8.Final.jar:6.6.8.Final]
	at org.hibernate.tool.schema.extract.internal.AbstractInformationExtractorImpl.lambda$locateTableInNamespace$5(AbstractInformationExtractorImpl.java:809) ~[hibernate-core-6.6.8.Final.jar:6.6.8.Final]
	at org.hibernate.tool.schema.extract.internal.InformationExtractorJdbcDatabaseMetaDataImpl.processTableResultSet(InformationExtractorJdbcDatabaseMetaDataImpl.java:70) ~[hibernate-core-6.6.8.Final.jar:6.6.8.Final]
	at org.hibernate.tool.schema.extract.internal.AbstractInformationExtractorImpl.locateTableInNamespace(AbstractInformationExtractorImpl.java:804) ~[hibernate-core-6.6.8.Final.jar:6.6.8.Final]
	at org.hibernate.tool.schema.extract.internal.AbstractInformationExtractorImpl.getTable(AbstractInformationExtractorImpl.java:355) ~[hibernate-core-6.6.8.Final.jar:6.6.8.Final]
	at org.hibernate.tool.schema.extract.internal.DatabaseInformationImpl.getTableInformation(DatabaseInformationImpl.java:113) ~[hibernate-core-6.6.8.Final.jar:6.6.8.Final]
	at org.hibernate.tool.schema.extract.internal.DatabaseInformationImpl.locateTableInformation(DatabaseInformationImpl.java:151) ~[hibernate-core-6.6.8.Final.jar:6.6.8.Final]
	at org.hibernate.tool.schema.extract.internal.AbstractInformationExtractorImpl.lambda$getForeignKeys$9(AbstractInformationExtractorImpl.java:1393) ~[hibernate-core-6.6.8.Final.jar:6.6.8.Final]
	at org.hibernate.tool.schema.extract.internal.InformationExtractorJdbcDatabaseMetaDataImpl.processImportedKeysResultSet(InformationExtractorJdbcDatabaseMetaDataImpl.java:133) ~[hibernate-core-6.6.8.Final.jar:6.6.8.Final]
	at org.hibernate.tool.schema.extract.internal.AbstractInformationExtractorImpl.getForeignKeys(AbstractInformationExtractorImpl.java:1417) ~[hibernate-core-6.6.8.Final.jar:6.6.8.Final]
	at org.hibernate.tool.schema.extract.internal.TableInformationImpl.foreignKeys(TableInformationImpl.java:97) ~[hibernate-core-6.6.8.Final.jar:6.6.8.Final]
	at org.hibernate.tool.schema.extract.internal.TableInformationImpl.getForeignKeys(TableInformationImpl.java:91) ~[hibernate-core-6.6.8.Final.jar:6.6.8.Final]
	at org.hibernate.tool.schema.internal.AbstractSchemaMigrator.equivalentForeignKeyExistsInDatabase(AbstractSchemaMigrator.java:485) ~[hibernate-core-6.6.8.Final.jar:6.6.8.Final]
	at org.hibernate.tool.schema.internal.AbstractSchemaMigrator.checkForExistingForeignKey(AbstractSchemaMigrator.java:477) ~[hibernate-core-6.6.8.Final.jar:6.6.8.Final]
	at org.hibernate.tool.schema.internal.AbstractSchemaMigrator.applyForeignKeys(AbstractSchemaMigrator.java:444) ~[hibernate-core-6.6.8.Final.jar:6.6.8.Final]
	at org.hibernate.tool.schema.internal.AbstractSchemaMigrator.performMigration(AbstractSchemaMigrator.java:269) ~[hibernate-core-6.6.8.Final.jar:6.6.8.Final]
	at org.hibernate.tool.schema.internal.AbstractSchemaMigrator.doMigration(AbstractSchemaMigrator.java:112) ~[hibernate-core-6.6.8.Final.jar:6.6.8.Final]
	at org.hibernate.tool.schema.spi.SchemaManagementToolCoordinator.performDatabaseAction(SchemaManagementToolCoordinator.java:280) ~[hibernate-core-6.6.8.Final.jar:6.6.8.Final]
	at org.hibernate.tool.schema.spi.SchemaManagementToolCoordinator.lambda$process$5(SchemaManagementToolCoordinator.java:144) ~[hibernate-core-6.6.8.Final.jar:6.6.8.Final]
	at java.base/java.util.HashMap.forEach(HashMap.java:1429) ~[na:na]
	at org.hibernate.tool.schema.spi.SchemaManagementToolCoordinator.process(SchemaManagementToolCoordinator.java:141) ~[hibernate-core-6.6.8.Final.jar:6.6.8.Final]
	at org.hibernate.boot.internal.SessionFactoryObserverForSchemaExport.sessionFactoryCreated(SessionFactoryObserverForSchemaExport.java:37) ~[hibernate-core-6.6.8.Final.jar:6.6.8.Final]
	at org.hibernate.internal.SessionFactoryObserverChain.sessionFactoryCreated(SessionFactoryObserverChain.java:35) ~[hibernate-core-6.6.8.Final.jar:6.6.8.Final]
	at org.hibernate.internal.SessionFactoryImpl.<init>(SessionFactoryImpl.java:324) ~[hibernate-core-6.6.8.Final.jar:6.6.8.Final]
	at org.hibernate.boot.internal.SessionFactoryBuilderImpl.build(SessionFactoryBuilderImpl.java:463) ~[hibernate-core-6.6.8.Final.jar:6.6.8.Final]
	at org.hibernate.jpa.boot.internal.EntityManagerFactoryBuilderImpl.build(EntityManagerFactoryBuilderImpl.java:1517) ~[hibernate-core-6.6.8.Final.jar:6.6.8.Final]
	at org.springframework.orm.jpa.vendor.SpringHibernateJpaPersistenceProvider.createContainerEntityManagerFactory(SpringHibernateJpaPersistenceProvider.java:66) ~[spring-orm-6.2.3.jar:6.2.3]
	at org.springframework.orm.jpa.LocalContainerEntityManagerFactoryBean.createNativeEntityManagerFactory(LocalContainerEntityManagerFactoryBean.java:390) ~[spring-orm-6.2.3.jar:6.2.3]
	at org.springframework.orm.jpa.AbstractEntityManagerFactoryBean.buildNativeEntityManagerFactory(AbstractEntityManagerFactoryBean.java:419) ~[spring-orm-6.2.3.jar:6.2.3]
	at org.springframework.orm.jpa.AbstractEntityManagerFactoryBean.afterPropertiesSet(AbstractEntityManagerFactoryBean.java:400) ~[spring-orm-6.2.3.jar:6.2.3]
	at org.springframework.orm.jpa.LocalContainerEntityManagerFactoryBean.afterPropertiesSet(LocalContainerEntityManagerFactoryBean.java:366) ~[spring-orm-6.2.3.jar:6.2.3]
	at org.springframework.beans.factory.support.AbstractAutowireCapableBeanFactory.invokeInitMethods(AbstractAutowireCapableBeanFactory.java:1859) ~[spring-beans-6.2.3.jar:6.2.3]
	at org.springframework.beans.factory.support.AbstractAutowireCapableBeanFactory.initializeBean(AbstractAutowireCapableBeanFactory.java:1808) ~[spring-beans-6.2.3.jar:6.2.3]
	at org.springframework.beans.factory.support.AbstractAutowireCapableBeanFactory.doCreateBean(AbstractAutowireCapableBeanFactory.java:601) ~[spring-beans-6.2.3.jar:6.2.3]
	at org.springframework.beans.factory.support.AbstractAutowireCapableBeanFactory.createBean(AbstractAutowireCapableBeanFactory.java:523) ~[spring-beans-6.2.3.jar:6.2.3]
	at org.springframework.beans.factory.support.AbstractBeanFactory.lambda$doGetBean$0(AbstractBeanFactory.java:339) ~[spring-beans-6.2.3.jar:6.2.3]
	at org.springframework.beans.factory.support.DefaultSingletonBeanRegistry.getSingleton(DefaultSingletonBeanRegistry.java:346) ~[spring-beans-6.2.3.jar:6.2.3]
	at org.springframework.beans.factory.support.AbstractBeanFactory.doGetBean(AbstractBeanFactory.java:337) ~[spring-beans-6.2.3.jar:6.2.3]
	at org.springframework.beans.factory.support.AbstractBeanFactory.getBean(AbstractBeanFactory.java:207) ~[spring-beans-6.2.3.jar:6.2.3]
	at org.springframework.context.support.AbstractApplicationContext.finishBeanFactoryInitialization(AbstractApplicationContext.java:970) ~[spring-context-6.2.3.jar:6.2.3]
	at org.springframework.context.support.AbstractApplicationContext.refresh(AbstractApplicationContext.java:627) ~[spring-context-6.2.3.jar:6.2.3]
	at org.springframework.boot.web.servlet.context.ServletWebServerApplicationContext.refresh(ServletWebServerApplicationContext.java:146) ~[spring-boot-3.4.3.jar:3.4.3]
	at org.springframework.boot.SpringApplication.refresh(SpringApplication.java:752) ~[spring-boot-3.4.3.jar:3.4.3]
	at org.springframework.boot.SpringApplication.refreshContext(SpringApplication.java:439) ~[spring-boot-3.4.3.jar:3.4.3]
	at org.springframework.boot.SpringApplication.run(SpringApplication.java:318) ~[spring-boot-3.4.3.jar:3.4.3]
	at org.springframework.boot.SpringApplication.run(SpringApplication.java:1361) ~[spring-boot-3.4.3.jar:3.4.3]
	at org.springframework.boot.SpringApplication.run(SpringApplication.java:1350) ~[spring-boot-3.4.3.jar:3.4.3]
	at com.IT_market.ItMarketApplication.main(ItMarketApplication.java:10) ~[classes/:na]
	at java.base/jdk.internal.reflect.DirectMethodHandleAccessor.invoke(DirectMethodHandleAccessor.java:103) ~[na:na]
	at java.base/java.lang.reflect.Method.invoke(Method.java:580) ~[na:na]
	at org.springframework.boot.devtools.restart.RestartLauncher.run(RestartLauncher.java:50) ~[spring-boot-devtools-3.4.3.jar:3.4.3]

2025-12-21T20:55:06.374+03:00  WARN 16288 --- [IT_market] [restartedMain] o.h.engine.jdbc.spi.SqlExceptionHelper   : SQL Error: 0, SQLState: 0A000
2025-12-21T20:55:06.374+03:00 ERROR 16288 --- [IT_market] [restartedMain] o.h.engine.jdbc.spi.SqlExceptionHelper   : ERROR: cached plan must not change result type
2025-12-21T20:55:06.378+03:00 ERROR 16288 --- [IT_market] [restartedMain] j.LocalContainerEntityManagerFactoryBean : Failed to initialize JPA EntityManagerFactory: [PersistenceUnit: default] Unable to build Hibernate SessionFactory; nested exception is org.hibernate.exception.GenericJDBCException: Error accessing column metadata: ITmarket.public.users [ERROR: cached plan must not change result type] [n/a]
2025-12-21T20:55:06.379+03:00  WARN 16288 --- [IT_market] [restartedMain] ConfigServletWebServerApplicationContext : Exception encountered during context initialization - cancelling refresh attempt: org.springframework.beans.factory.BeanCreationException: Error creating bean with name 'entityManagerFactory' defined in class path resource [org/springframework/boot/autoconfigure/orm/jpa/HibernateJpaConfiguration.class]: [PersistenceUnit: default] Unable to build Hibernate SessionFactory; nested exception is org.hibernate.exception.GenericJDBCException: Error accessing column metadata: ITmarket.public.users [ERROR: cached plan must not change result type] [n/a]
2025-12-21T20:55:06.381+03:00  INFO 16288 --- [IT_market] [restartedMain] com.zaxxer.hikari.HikariDataSource       : HikariPool-3 - Shutdown initiated...
2025-12-21T20:55:09.012+03:00  INFO 16288 --- [IT_market] [restartedMain] com.zaxxer.hikari.HikariDataSource       : HikariPool-3 - Shutdown completed.
2025-12-21T20:55:09.017+03:00  INFO 16288 --- [IT_market] [restartedMain] o.apache.catalina.core.StandardService   : Stopping service [Tomcat]
2025-12-21T20:55:09.068+03:00  INFO 16288 --- [IT_market] [restartedMain] .s.b.a.l.ConditionEvaluationReportLogger : 

Error starting ApplicationContext. To display the condition evaluation report re-run your application with 'debug' enabled.
2025-12-21T20:55:09.078+03:00 ERROR 16288 --- [IT_market] [restartedMain] o.s.boot.SpringApplication               : Application run failed

org.springframework.beans.factory.BeanCreationException: Error creating bean with name 'entityManagerFactory' defined in class path resource [org/springframework/boot/autoconfigure/orm/jpa/HibernateJpaConfiguration.class]: [PersistenceUnit: default] Unable to build Hibernate SessionFactory; nested exception is org.hibernate.exception.GenericJDBCException: Error accessing column metadata: ITmarket.public.users [ERROR: cached plan must not change result type] [n/a]
	at org.springframework.beans.factory.support.AbstractAutowireCapableBeanFactory.initializeBean(AbstractAutowireCapableBeanFactory.java:1812) ~[spring-beans-6.2.3.jar:6.2.3]
	at org.springframework.beans.factory.support.AbstractAutowireCapableBeanFactory.doCreateBean(AbstractAutowireCapableBeanFactory.java:601) ~[spring-beans-6.2.3.jar:6.2.3]
	at org.springframework.beans.factory.support.AbstractAutowireCapableBeanFactory.createBean(AbstractAutowireCapableBeanFactory.java:523) ~[spring-beans-6.2.3.jar:6.2.3]
	at org.springframework.beans.factory.support.AbstractBeanFactory.lambda$doGetBean$0(AbstractBeanFactory.java:339) ~[spring-beans-6.2.3.jar:6.2.3]
	at org.springframework.beans.factory.support.DefaultSingletonBeanRegistry.getSingleton(DefaultSingletonBeanRegistry.java:346) ~[spring-beans-6.2.3.jar:6.2.3]
	at org.springframework.beans.factory.support.AbstractBeanFactory.doGetBean(AbstractBeanFactory.java:337) ~[spring-beans-6.2.3.jar:6.2.3]
	at org.springframework.beans.factory.support.AbstractBeanFactory.getBean(AbstractBeanFactory.java:207) ~[spring-beans-6.2.3.jar:6.2.3]
	at org.springframework.context.support.AbstractApplicationContext.finishBeanFactoryInitialization(AbstractApplicationContext.java:970) ~[spring-context-6.2.3.jar:6.2.3]
	at org.springframework.context.support.AbstractApplicationContext.refresh(AbstractApplicationContext.java:627) ~[spring-context-6.2.3.jar:6.2.3]
	at org.springframework.boot.web.servlet.context.ServletWebServerApplicationContext.refresh(ServletWebServerApplicationContext.java:146) ~[spring-boot-3.4.3.jar:3.4.3]
	at org.springframework.boot.SpringApplication.refresh(SpringApplication.java:752) ~[spring-boot-3.4.3.jar:3.4.3]
	at org.springframework.boot.SpringApplication.refreshContext(SpringApplication.java:439) ~[spring-boot-3.4.3.jar:3.4.3]
	at org.springframework.boot.SpringApplication.run(SpringApplication.java:318) ~[spring-boot-3.4.3.jar:3.4.3]
	at org.springframework.boot.SpringApplication.run(SpringApplication.java:1361) ~[spring-boot-3.4.3.jar:3.4.3]
	at org.springframework.boot.SpringApplication.run(SpringApplication.java:1350) ~[spring-boot-3.4.3.jar:3.4.3]
	at com.IT_market.ItMarketApplication.main(ItMarketApplication.java:10) ~[classes/:na]
	at java.base/jdk.internal.reflect.DirectMethodHandleAccessor.invoke(DirectMethodHandleAccessor.java:103) ~[na:na]
	at java.base/java.lang.reflect.Method.invoke(Method.java:580) ~[na:na]
	at org.springframework.boot.devtools.restart.RestartLauncher.run(RestartLauncher.java:50) ~[spring-boot-devtools-3.4.3.jar:3.4.3]
Caused by: jakarta.persistence.PersistenceException: [PersistenceUnit: default] Unable to build Hibernate SessionFactory; nested exception is org.hibernate.exception.GenericJDBCException: Error accessing column metadata: ITmarket.public.users [ERROR: cached plan must not change result type] [n/a]
	at org.springframework.orm.jpa.AbstractEntityManagerFactoryBean.buildNativeEntityManagerFactory(AbstractEntityManagerFactoryBean.java:431) ~[spring-orm-6.2.3.jar:6.2.3]
	at org.springframework.orm.jpa.AbstractEntityManagerFactoryBean.afterPropertiesSet(AbstractEntityManagerFactoryBean.java:400) ~[spring-orm-6.2.3.jar:6.2.3]
	at org.springframework.orm.jpa.LocalContainerEntityManagerFactoryBean.afterPropertiesSet(LocalContainerEntityManagerFactoryBean.java:366) ~[spring-orm-6.2.3.jar:6.2.3]
	at org.springframework.beans.factory.support.AbstractAutowireCapableBeanFactory.invokeInitMethods(AbstractAutowireCapableBeanFactory.java:1859) ~[spring-beans-6.2.3.jar:6.2.3]
	at org.springframework.beans.factory.support.AbstractAutowireCapableBeanFactory.initializeBean(AbstractAutowireCapableBeanFactory.java:1808) ~[spring-beans-6.2.3.jar:6.2.3]
	... 18 common frames omitted
Caused by: org.hibernate.exception.GenericJDBCException: Error accessing column metadata: ITmarket.public.users [ERROR: cached plan must not change result type] [n/a]
	at org.hibernate.exception.internal.StandardSQLExceptionConverter.convert(StandardSQLExceptionConverter.java:63) ~[hibernate-core-6.6.8.Final.jar:6.6.8.Final]
	at org.hibernate.engine.jdbc.spi.SqlExceptionHelper.convert(SqlExceptionHelper.java:108) ~[hibernate-core-6.6.8.Final.jar:6.6.8.Final]
	at org.hibernate.engine.jdbc.spi.SqlExceptionHelper.convert(SqlExceptionHelper.java:94) ~[hibernate-core-6.6.8.Final.jar:6.6.8.Final]
	at org.hibernate.tool.schema.extract.internal.AbstractInformationExtractorImpl.convertSQLException(AbstractInformationExtractorImpl.java:124) ~[hibernate-core-6.6.8.Final.jar:6.6.8.Final]
	at org.hibernate.tool.schema.extract.internal.InformationExtractorJdbcDatabaseMetaDataImpl.addColumns(InformationExtractorJdbcDatabaseMetaDataImpl.java:204) ~[hibernate-core-6.6.8.Final.jar:6.6.8.Final]
	at org.hibernate.tool.schema.extract.internal.AbstractInformationExtractorImpl.extractTableInformation(AbstractInformationExtractorImpl.java:855) ~[hibernate-core-6.6.8.Final.jar:6.6.8.Final]
	at org.hibernate.tool.schema.extract.internal.AbstractInformationExtractorImpl.lambda$locateTableInNamespace$5(AbstractInformationExtractorImpl.java:809) ~[hibernate-core-6.6.8.Final.jar:6.6.8.Final]
	at org.hibernate.tool.schema.extract.internal.InformationExtractorJdbcDatabaseMetaDataImpl.processTableResultSet(InformationExtractorJdbcDatabaseMetaDataImpl.java:70) ~[hibernate-core-6.6.8.Final.jar:6.6.8.Final]
	at org.hibernate.tool.schema.extract.internal.AbstractInformationExtractorImpl.locateTableInNamespace(AbstractInformationExtractorImpl.java:804) ~[hibernate-core-6.6.8.Final.jar:6.6.8.Final]
	at org.hibernate.tool.schema.extract.internal.AbstractInformationExtractorImpl.getTable(AbstractInformationExtractorImpl.java:355) ~[hibernate-core-6.6.8.Final.jar:6.6.8.Final]
	at org.hibernate.tool.schema.extract.internal.DatabaseInformationImpl.getTableInformation(DatabaseInformationImpl.java:113) ~[hibernate-core-6.6.8.Final.jar:6.6.8.Final]
	at org.hibernate.tool.schema.extract.internal.DatabaseInformationImpl.locateTableInformation(DatabaseInformationImpl.java:151) ~[hibernate-core-6.6.8.Final.jar:6.6.8.Final]
	at org.hibernate.tool.schema.extract.internal.AbstractInformationExtractorImpl.lambda$getForeignKeys$9(AbstractInformationExtractorImpl.java:1393) ~[hibernate-core-6.6.8.Final.jar:6.6.8.Final]
	at org.hibernate.tool.schema.extract.internal.InformationExtractorJdbcDatabaseMetaDataImpl.processImportedKeysResultSet(InformationExtractorJdbcDatabaseMetaDataImpl.java:133) ~[hibernate-core-6.6.8.Final.jar:6.6.8.Final]
	at org.hibernate.tool.schema.extract.internal.AbstractInformationExtractorImpl.getForeignKeys(AbstractInformationExtractorImpl.java:1417) ~[hibernate-core-6.6.8.Final.jar:6.6.8.Final]
	at org.hibernate.tool.schema.extract.internal.TableInformationImpl.foreignKeys(TableInformationImpl.java:97) ~[hibernate-core-6.6.8.Final.jar:6.6.8.Final]
	at org.hibernate.tool.schema.extract.internal.TableInformationImpl.getForeignKeys(TableInformationImpl.java:91) ~[hibernate-core-6.6.8.Final.jar:6.6.8.Final]
	at org.hibernate.tool.schema.internal.AbstractSchemaMigrator.equivalentForeignKeyExistsInDatabase(AbstractSchemaMigrator.java:485) ~[hibernate-core-6.6.8.Final.jar:6.6.8.Final]
	at org.hibernate.tool.schema.internal.AbstractSchemaMigrator.checkForExistingForeignKey(AbstractSchemaMigrator.java:477) ~[hibernate-core-6.6.8.Final.jar:6.6.8.Final]
	at org.hibernate.tool.schema.internal.AbstractSchemaMigrator.applyForeignKeys(AbstractSchemaMigrator.java:444) ~[hibernate-core-6.6.8.Final.jar:6.6.8.Final]
	at org.hibernate.tool.schema.internal.AbstractSchemaMigrator.performMigration(AbstractSchemaMigrator.java:269) ~[hibernate-core-6.6.8.Final.jar:6.6.8.Final]
	at org.hibernate.tool.schema.internal.AbstractSchemaMigrator.doMigration(AbstractSchemaMigrator.java:112) ~[hibernate-core-6.6.8.Final.jar:6.6.8.Final]
	at org.hibernate.tool.schema.spi.SchemaManagementToolCoordinator.performDatabaseAction(SchemaManagementToolCoordinator.java:280) ~[hibernate-core-6.6.8.Final.jar:6.6.8.Final]
	at org.hibernate.tool.schema.spi.SchemaManagementToolCoordinator.lambda$process$5(SchemaManagementToolCoordinator.java:144) ~[hibernate-core-6.6.8.Final.jar:6.6.8.Final]
	at java.base/java.util.HashMap.forEach(HashMap.java:1429) ~[na:na]
	at org.hibernate.tool.schema.spi.SchemaManagementToolCoordinator.process(SchemaManagementToolCoordinator.java:141) ~[hibernate-core-6.6.8.Final.jar:6.6.8.Final]
	at org.hibernate.boot.internal.SessionFactoryObserverForSchemaExport.sessionFactoryCreated(SessionFactoryObserverForSchemaExport.java:37) ~[hibernate-core-6.6.8.Final.jar:6.6.8.Final]
	at org.hibernate.internal.SessionFactoryObserverChain.sessionFactoryCreated(SessionFactoryObserverChain.java:35) ~[hibernate-core-6.6.8.Final.jar:6.6.8.Final]
	at org.hibernate.internal.SessionFactoryImpl.<init>(SessionFactoryImpl.java:324) ~[hibernate-core-6.6.8.Final.jar:6.6.8.Final]
	at org.hibernate.boot.internal.SessionFactoryBuilderImpl.build(SessionFactoryBuilderImpl.java:463) ~[hibernate-core-6.6.8.Final.jar:6.6.8.Final]
	at org.hibernate.jpa.boot.internal.EntityManagerFactoryBuilderImpl.build(EntityManagerFactoryBuilderImpl.java:1517) ~[hibernate-core-6.6.8.Final.jar:6.6.8.Final]
	at org.springframework.orm.jpa.vendor.SpringHibernateJpaPersistenceProvider.createContainerEntityManagerFactory(SpringHibernateJpaPersistenceProvider.java:66) ~[spring-orm-6.2.3.jar:6.2.3]
	at org.springframework.orm.jpa.LocalContainerEntityManagerFactoryBean.createNativeEntityManagerFactory(LocalContainerEntityManagerFactoryBean.java:390) ~[spring-orm-6.2.3.jar:6.2.3]
	at org.springframework.orm.jpa.AbstractEntityManagerFactoryBean.buildNativeEntityManagerFactory(AbstractEntityManagerFactoryBean.java:419) ~[spring-orm-6.2.3.jar:6.2.3]
	... 22 common frames omitted
Caused by: org.postgresql.util.PSQLException: ERROR: cached plan must not change result type
	at org.postgresql.core.v3.QueryExecutorImpl.receiveErrorResponse(QueryExecutorImpl.java:2733) ~[postgresql-42.7.5.jar:42.7.5]
	at org.postgresql.core.v3.QueryExecutorImpl.processResults(QueryExecutorImpl.java:2420) ~[postgresql-42.7.5.jar:42.7.5]
	at org.postgresql.core.v3.QueryExecutorImpl.execute(QueryExecutorImpl.java:372) ~[postgresql-42.7.5.jar:42.7.5]
	at org.postgresql.jdbc.PgStatement.executeInternal(PgStatement.java:517) ~[postgresql-42.7.5.jar:42.7.5]
	at org.postgresql.jdbc.PgStatement.execute(PgStatement.java:443) ~[postgresql-42.7.5.jar:42.7.5]
	at org.postgresql.jdbc.PgPreparedStatement.executeWithFlags(PgPreparedStatement.java:194) ~[postgresql-42.7.5.jar:42.7.5]
	at org.postgresql.jdbc.PgPreparedStatement.executeQuery(PgPreparedStatement.java:137) ~[postgresql-42.7.5.jar:42.7.5]
	at com.zaxxer.hikari.pool.ProxyPreparedStatement.executeQuery(ProxyPreparedStatement.java:52) ~[HikariCP-5.1.0.jar:na]
	at com.zaxxer.hikari.pool.HikariProxyPreparedStatement.executeQuery(HikariProxyPreparedStatement.java) ~[HikariCP-5.1.0.jar:na]
	at org.hibernate.tool.schema.extract.spi.ExtractionContext.getQueryResults(ExtractionContext.java:49) ~[hibernate-core-6.6.8.Final.jar:6.6.8.Final]
	at org.hibernate.tool.schema.extract.internal.InformationExtractorJdbcDatabaseMetaDataImpl.addColumns(InformationExtractorJdbcDatabaseMetaDataImpl.java:170) ~[hibernate-core-6.6.8.Final.jar:6.6.8.Final]
	... 51 common frames omitted

2025-12-21T21:27:27.003+03:00  INFO 29090 --- [IT_market] [restartedMain] com.IT_market.ItMarketApplication        : Starting ItMarketApplication using Java 21.0.9-ea with PID 29090 (/home/nalwoga/Downloads/IT_market/target/classes started by nalwoga in /home/nalwoga/Downloads/IT_market)
2025-12-21T21:27:27.081+03:00 DEBUG 29090 --- [IT_market] [restartedMain] com.IT_market.ItMarketApplication        : Running with Spring Boot v3.4.3, Spring v6.2.3
2025-12-21T21:27:27.102+03:00  INFO 29090 --- [IT_market] [restartedMain] com.IT_market.ItMarketApplication        : No active profile set, falling back to 1 default profile: "default"
2025-12-21T21:27:27.574+03:00  INFO 29090 --- [IT_market] [restartedMain] .e.DevToolsPropertyDefaultsPostProcessor : Devtools property defaults active! Set 'spring.devtools.add-properties' to 'false' to disable
2025-12-21T21:27:27.575+03:00  INFO 29090 --- [IT_market] [restartedMain] .e.DevToolsPropertyDefaultsPostProcessor : For additional web related logging consider setting the 'logging.level.web' property to 'DEBUG'
2025-12-21T21:27:58.722+03:00  INFO 29090 --- [IT_market] [restartedMain] .s.d.r.c.RepositoryConfigurationDelegate : Multiple Spring Data modules found, entering strict repository configuration mode
2025-12-21T21:27:58.741+03:00  INFO 29090 --- [IT_market] [restartedMain] .s.d.r.c.RepositoryConfigurationDelegate : Bootstrapping Spring Data JPA repositories in DEFAULT mode.
2025-12-21T21:27:59.470+03:00  INFO 29090 --- [IT_market] [restartedMain] .s.d.r.c.RepositoryConfigurationDelegate : Finished Spring Data repository scanning in 709 ms. Found 7 JPA repository interfaces.
2025-12-21T21:27:59.670+03:00  INFO 29090 --- [IT_market] [restartedMain] .s.d.r.c.RepositoryConfigurationDelegate : Multiple Spring Data modules found, entering strict repository configuration mode
2025-12-21T21:27:59.673+03:00  INFO 29090 --- [IT_market] [restartedMain] .s.d.r.c.RepositoryConfigurationDelegate : Bootstrapping Spring Data Redis repositories in DEFAULT mode.
2025-12-21T21:27:59.721+03:00  INFO 29090 --- [IT_market] [restartedMain] .RepositoryConfigurationExtensionSupport : Spring Data Redis - Could not safely identify store assignment for repository candidate interface com.IT_market.repository.NotificationRepository; If you want this repository to be a Redis repository, consider annotating your entities with one of these annotations: org.springframework.data.redis.core.RedisHash (preferred), or consider extending one of the following types with your repository: org.springframework.data.keyvalue.repository.KeyValueRepository
2025-12-21T21:27:59.722+03:00  INFO 29090 --- [IT_market] [restartedMain] .RepositoryConfigurationExtensionSupport : Spring Data Redis - Could not safely identify store assignment for repository candidate interface com.IT_market.repository.OrderItemRepository; If you want this repository to be a Redis repository, consider annotating your entities with one of these annotations: org.springframework.data.redis.core.RedisHash (preferred), or consider extending one of the following types with your repository: org.springframework.data.keyvalue.repository.KeyValueRepository
2025-12-21T21:27:59.723+03:00  INFO 29090 --- [IT_market] [restartedMain] .RepositoryConfigurationExtensionSupport : Spring Data Redis - Could not safely identify store assignment for repository candidate interface com.IT_market.repository.OrderRepository; If you want this repository to be a Redis repository, consider annotating your entities with one of these annotations: org.springframework.data.redis.core.RedisHash (preferred), or consider extending one of the following types with your repository: org.springframework.data.keyvalue.repository.KeyValueRepository
2025-12-21T21:27:59.723+03:00  INFO 29090 --- [IT_market] [restartedMain] .RepositoryConfigurationExtensionSupport : Spring Data Redis - Could not safely identify store assignment for repository candidate interface com.IT_market.repository.ProductRepository; If you want this repository to be a Redis repository, consider annotating your entities with one of these annotations: org.springframework.data.redis.core.RedisHash (preferred), or consider extending one of the following types with your repository: org.springframework.data.keyvalue.repository.KeyValueRepository
2025-12-21T21:27:59.724+03:00  INFO 29090 --- [IT_market] [restartedMain] .RepositoryConfigurationExtensionSupport : Spring Data Redis - Could not safely identify store assignment for repository candidate interface com.IT_market.repository.RoleRepository; If you want this repository to be a Redis repository, consider annotating your entities with one of these annotations: org.springframework.data.redis.core.RedisHash (preferred), or consider extending one of the following types with your repository: org.springframework.data.keyvalue.repository.KeyValueRepository
2025-12-21T21:27:59.724+03:00  INFO 29090 --- [IT_market] [restartedMain] .RepositoryConfigurationExtensionSupport : Spring Data Redis - Could not safely identify store assignment for repository candidate interface com.IT_market.repository.SellRequestRepository; If you want this repository to be a Redis repository, consider annotating your entities with one of these annotations: org.springframework.data.redis.core.RedisHash (preferred), or consider extending one of the following types with your repository: org.springframework.data.keyvalue.repository.KeyValueRepository
2025-12-21T21:27:59.726+03:00  INFO 29090 --- [IT_market] [restartedMain] .RepositoryConfigurationExtensionSupport : Spring Data Redis - Could not safely identify store assignment for repository candidate interface com.IT_market.repository.UserRepository; If you want this repository to be a Redis repository, consider annotating your entities with one of these annotations: org.springframework.data.redis.core.RedisHash (preferred), or consider extending one of the following types with your repository: org.springframework.data.keyvalue.repository.KeyValueRepository
2025-12-21T21:27:59.727+03:00  INFO 29090 --- [IT_market] [restartedMain] .s.d.r.c.RepositoryConfigurationDelegate : Finished Spring Data repository scanning in 14 ms. Found 0 Redis repository interfaces.
2025-12-21T21:28:05.449+03:00  INFO 29090 --- [IT_market] [restartedMain] o.s.b.w.embedded.tomcat.TomcatWebServer  : Tomcat initialized with port 8080 (http)
2025-12-21T21:28:05.538+03:00  INFO 29090 --- [IT_market] [restartedMain] o.apache.catalina.core.StandardService   : Starting service [Tomcat]
2025-12-21T21:28:05.538+03:00  INFO 29090 --- [IT_market] [restartedMain] o.apache.catalina.core.StandardEngine    : Starting Servlet engine: [Apache Tomcat/10.1.36]
2025-12-21T21:28:05.637+03:00  INFO 29090 --- [IT_market] [restartedMain] o.a.c.c.C.[Tomcat].[localhost].[/]       : Initializing Spring embedded WebApplicationContext
2025-12-21T21:28:05.639+03:00  INFO 29090 --- [IT_market] [restartedMain] w.s.c.ServletWebServerApplicationContext : Root WebApplicationContext: initialization completed in 38062 ms
2025-12-21T21:28:15.417+03:00  INFO 29090 --- [IT_market] [restartedMain] o.hibernate.jpa.internal.util.LogHelper  : HHH000204: Processing PersistenceUnitInfo [name: default]
2025-12-21T21:28:15.858+03:00  INFO 29090 --- [IT_market] [restartedMain] org.hibernate.Version                    : HHH000412: Hibernate ORM core version 6.6.8.Final
2025-12-21T21:28:16.349+03:00  INFO 29090 --- [IT_market] [restartedMain] o.h.c.internal.RegionFactoryInitiator    : HHH000026: Second-level cache disabled
2025-12-21T21:28:17.408+03:00  INFO 29090 --- [IT_market] [restartedMain] o.s.o.j.p.SpringPersistenceUnitInfo      : No LoadTimeWeaver setup: ignoring JPA class transformer
2025-12-21T21:28:17.696+03:00  INFO 29090 --- [IT_market] [restartedMain] com.zaxxer.hikari.HikariDataSource       : HikariPool-1 - Starting...
2025-12-21T21:28:30.764+03:00  INFO 29090 --- [IT_market] [restartedMain] com.zaxxer.hikari.pool.HikariPool        : HikariPool-1 - Added connection org.postgresql.jdbc.PgConnection@734a9de3
2025-12-21T21:28:30.771+03:00  INFO 29090 --- [IT_market] [restartedMain] com.zaxxer.hikari.HikariDataSource       : HikariPool-1 - Start completed.
2025-12-21T21:28:31.815+03:00  WARN 29090 --- [IT_market] [restartedMain] org.hibernate.orm.deprecation            : HHH90000025: PostgreSQLDialect does not need to be specified explicitly using 'hibernate.dialect' (remove the property setting and it will be selected by default)
2025-12-21T21:28:32.936+03:00  INFO 29090 --- [IT_market] [restartedMain] org.hibernate.orm.connections.pooling    : HHH10001005: Database info:
	Database JDBC URL [Connecting through datasource 'HikariDataSource (HikariPool-1)']
	Database driver: undefined/unknown
	Database version: 17.7
	Autocommit mode: undefined/unknown
	Isolation level: undefined/unknown
	Minimum pool size: undefined/unknown
	Maximum pool size: undefined/unknown
2025-12-21T21:28:34.146+03:00 ERROR 29090 --- [IT_market] [restartedMain] j.LocalContainerEntityManagerFactoryBean : Failed to initialize JPA EntityManagerFactory: You can only annotate one callback method with jakarta.persistence.PreUpdate in bean class: com.IT_market.model.User
2025-12-21T21:28:34.147+03:00  WARN 29090 --- [IT_market] [restartedMain] ConfigServletWebServerApplicationContext : Exception encountered during context initialization - cancelling refresh attempt: org.springframework.beans.factory.BeanCreationException: Error creating bean with name 'entityManagerFactory' defined in class path resource [org/springframework/boot/autoconfigure/orm/jpa/HibernateJpaConfiguration.class]: You can only annotate one callback method with jakarta.persistence.PreUpdate in bean class: com.IT_market.model.User
2025-12-21T21:28:34.149+03:00  INFO 29090 --- [IT_market] [restartedMain] com.zaxxer.hikari.HikariDataSource       : HikariPool-1 - Shutdown initiated...
2025-12-21T21:28:35.864+03:00  INFO 29090 --- [IT_market] [restartedMain] com.zaxxer.hikari.HikariDataSource       : HikariPool-1 - Shutdown completed.
2025-12-21T21:28:35.874+03:00  INFO 29090 --- [IT_market] [restartedMain] o.apache.catalina.core.StandardService   : Stopping service [Tomcat]
2025-12-21T21:28:36.002+03:00  INFO 29090 --- [IT_market] [restartedMain] .s.b.a.l.ConditionEvaluationReportLogger : 

Error starting ApplicationContext. To display the condition evaluation report re-run your application with 'debug' enabled.
2025-12-21T21:28:36.116+03:00 ERROR 29090 --- [IT_market] [restartedMain] o.s.boot.SpringApplication               : Application run failed

org.springframework.beans.factory.BeanCreationException: Error creating bean with name 'entityManagerFactory' defined in class path resource [org/springframework/boot/autoconfigure/orm/jpa/HibernateJpaConfiguration.class]: You can only annotate one callback method with jakarta.persistence.PreUpdate in bean class: com.IT_market.model.User
	at org.springframework.beans.factory.support.AbstractAutowireCapableBeanFactory.initializeBean(AbstractAutowireCapableBeanFactory.java:1812) ~[spring-beans-6.2.3.jar:6.2.3]
	at org.springframework.beans.factory.support.AbstractAutowireCapableBeanFactory.doCreateBean(AbstractAutowireCapableBeanFactory.java:601) ~[spring-beans-6.2.3.jar:6.2.3]
	at org.springframework.beans.factory.support.AbstractAutowireCapableBeanFactory.createBean(AbstractAutowireCapableBeanFactory.java:523) ~[spring-beans-6.2.3.jar:6.2.3]
	at org.springframework.beans.factory.support.AbstractBeanFactory.lambda$doGetBean$0(AbstractBeanFactory.java:339) ~[spring-beans-6.2.3.jar:6.2.3]
	at org.springframework.beans.factory.support.DefaultSingletonBeanRegistry.getSingleton(DefaultSingletonBeanRegistry.java:346) ~[spring-beans-6.2.3.jar:6.2.3]
	at org.springframework.beans.factory.support.AbstractBeanFactory.doGetBean(AbstractBeanFactory.java:337) ~[spring-beans-6.2.3.jar:6.2.3]
	at org.springframework.beans.factory.support.AbstractBeanFactory.getBean(AbstractBeanFactory.java:207) ~[spring-beans-6.2.3.jar:6.2.3]
	at org.springframework.context.support.AbstractApplicationContext.finishBeanFactoryInitialization(AbstractApplicationContext.java:970) ~[spring-context-6.2.3.jar:6.2.3]
	at org.springframework.context.support.AbstractApplicationContext.refresh(AbstractApplicationContext.java:627) ~[spring-context-6.2.3.jar:6.2.3]
	at org.springframework.boot.web.servlet.context.ServletWebServerApplicationContext.refresh(ServletWebServerApplicationContext.java:146) ~[spring-boot-3.4.3.jar:3.4.3]
	at org.springframework.boot.SpringApplication.refresh(SpringApplication.java:752) ~[spring-boot-3.4.3.jar:3.4.3]
	at org.springframework.boot.SpringApplication.refreshContext(SpringApplication.java:439) ~[spring-boot-3.4.3.jar:3.4.3]
	at org.springframework.boot.SpringApplication.run(SpringApplication.java:318) ~[spring-boot-3.4.3.jar:3.4.3]
	at org.springframework.boot.SpringApplication.run(SpringApplication.java:1361) ~[spring-boot-3.4.3.jar:3.4.3]
	at org.springframework.boot.SpringApplication.run(SpringApplication.java:1350) ~[spring-boot-3.4.3.jar:3.4.3]
	at com.IT_market.ItMarketApplication.main(ItMarketApplication.java:10) ~[classes/:na]
	at java.base/jdk.internal.reflect.DirectMethodHandleAccessor.invoke(DirectMethodHandleAccessor.java:103) ~[na:na]
	at java.base/java.lang.reflect.Method.invoke(Method.java:580) ~[na:na]
	at org.springframework.boot.devtools.restart.RestartLauncher.run(RestartLauncher.java:50) ~[spring-boot-devtools-3.4.3.jar:3.4.3]
Caused by: jakarta.persistence.PersistenceException: You can only annotate one callback method with jakarta.persistence.PreUpdate in bean class: com.IT_market.model.User
	at org.hibernate.jpa.event.internal.CallbackDefinitionResolverLegacyImpl.resolveEntityCallbacks(CallbackDefinitionResolverLegacyImpl.java:85) ~[hibernate-core-6.6.8.Final.jar:6.6.8.Final]
	at org.hibernate.boot.model.internal.EntityBinder.bindCallbacks(EntityBinder.java:1222) ~[hibernate-core-6.6.8.Final.jar:6.6.8.Final]
	at org.hibernate.boot.model.internal.EntityBinder.bindEntityClass(EntityBinder.java:268) ~[hibernate-core-6.6.8.Final.jar:6.6.8.Final]
	at org.hibernate.boot.model.internal.AnnotationBinder.bindClass(AnnotationBinder.java:401) ~[hibernate-core-6.6.8.Final.jar:6.6.8.Final]
	at org.hibernate.boot.model.source.internal.annotations.AnnotationMetadataSourceProcessorImpl.processEntityHierarchies(AnnotationMetadataSourceProcessorImpl.java:257) ~[hibernate-core-6.6.8.Final.jar:6.6.8.Final]
	at org.hibernate.boot.model.process.spi.MetadataBuildingProcess$1.processEntityHierarchies(MetadataBuildingProcess.java:281) ~[hibernate-core-6.6.8.Final.jar:6.6.8.Final]
	at org.hibernate.boot.model.process.spi.MetadataBuildingProcess.complete(MetadataBuildingProcess.java:324) ~[hibernate-core-6.6.8.Final.jar:6.6.8.Final]
	at org.hibernate.jpa.boot.internal.EntityManagerFactoryBuilderImpl.metadata(EntityManagerFactoryBuilderImpl.java:1442) ~[hibernate-core-6.6.8.Final.jar:6.6.8.Final]
	at org.hibernate.jpa.boot.internal.EntityManagerFactoryBuilderImpl.build(EntityManagerFactoryBuilderImpl.java:1513) ~[hibernate-core-6.6.8.Final.jar:6.6.8.Final]
	at org.springframework.orm.jpa.vendor.SpringHibernateJpaPersistenceProvider.createContainerEntityManagerFactory(SpringHibernateJpaPersistenceProvider.java:66) ~[spring-orm-6.2.3.jar:6.2.3]
	at org.springframework.orm.jpa.LocalContainerEntityManagerFactoryBean.createNativeEntityManagerFactory(LocalContainerEntityManagerFactoryBean.java:390) ~[spring-orm-6.2.3.jar:6.2.3]
	at org.springframework.orm.jpa.AbstractEntityManagerFactoryBean.buildNativeEntityManagerFactory(AbstractEntityManagerFactoryBean.java:419) ~[spring-orm-6.2.3.jar:6.2.3]
	at org.springframework.orm.jpa.AbstractEntityManagerFactoryBean.afterPropertiesSet(AbstractEntityManagerFactoryBean.java:400) ~[spring-orm-6.2.3.jar:6.2.3]
	at org.springframework.orm.jpa.LocalContainerEntityManagerFactoryBean.afterPropertiesSet(LocalContainerEntityManagerFactoryBean.java:366) ~[spring-orm-6.2.3.jar:6.2.3]
	at org.springframework.beans.factory.support.AbstractAutowireCapableBeanFactory.invokeInitMethods(AbstractAutowireCapableBeanFactory.java:1859) ~[spring-beans-6.2.3.jar:6.2.3]
	at org.springframework.beans.factory.support.AbstractAutowireCapableBeanFactory.initializeBean(AbstractAutowireCapableBeanFactory.java:1808) ~[spring-beans-6.2.3.jar:6.2.3]
	... 18 common frames omitted

2025-12-21T21:41:33.097+03:00  INFO 33695 --- [IT_market] [restartedMain] com.IT_market.ItMarketApplication        : Starting ItMarketApplication using Java 21.0.9-ea with PID 33695 (/home/nalwoga/Downloads/IT_market/target/classes started by nalwoga in /home/nalwoga/Downloads/IT_market)
2025-12-21T21:41:33.168+03:00 DEBUG 33695 --- [IT_market] [restartedMain] com.IT_market.ItMarketApplication        : Running with Spring Boot v3.4.3, Spring v6.2.3
2025-12-21T21:41:33.174+03:00  INFO 33695 --- [IT_market] [restartedMain] com.IT_market.ItMarketApplication        : No active profile set, falling back to 1 default profile: "default"
2025-12-21T21:41:34.408+03:00  INFO 33695 --- [IT_market] [restartedMain] .e.DevToolsPropertyDefaultsPostProcessor : Devtools property defaults active! Set 'spring.devtools.add-properties' to 'false' to disable
2025-12-21T21:41:34.409+03:00  INFO 33695 --- [IT_market] [restartedMain] .e.DevToolsPropertyDefaultsPostProcessor : For additional web related logging consider setting the 'logging.level.web' property to 'DEBUG'
2025-12-21T21:42:43.938+03:00  INFO 33695 --- [IT_market] [restartedMain] .s.d.r.c.RepositoryConfigurationDelegate : Multiple Spring Data modules found, entering strict repository configuration mode
2025-12-21T21:42:44.230+03:00  INFO 33695 --- [IT_market] [restartedMain] .s.d.r.c.RepositoryConfigurationDelegate : Bootstrapping Spring Data JPA repositories in DEFAULT mode.
2025-12-21T21:42:50.189+03:00  WARN 33695 --- [IT_market] [restartedMain] .RepositoryConfigurationExtensionSupport : JPA - Could not load type com.IT_market.repository.OrderItemRepository using class loader org.springframework.boot.devtools.restart.classloader.RestartClassLoader@5787c65a

java.lang.ClassNotFoundException: com.IT_market.repository.OrderItemRepository
	at java.base/jdk.internal.loader.BuiltinClassLoader.loadClass(BuiltinClassLoader.java:641) ~[na:na]
	at java.base/jdk.internal.loader.ClassLoaders$AppClassLoader.loadClass(ClassLoaders.java:188) ~[na:na]
	at java.base/java.lang.ClassLoader.loadClass(ClassLoader.java:526) ~[na:na]
	at java.base/java.lang.Class.forName0(Native Method) ~[na:na]
	at java.base/java.lang.Class.forName(Class.java:536) ~[na:na]
	at java.base/java.lang.Class.forName(Class.java:515) ~[na:na]
	at org.springframework.boot.devtools.restart.classloader.RestartClassLoader.loadClass(RestartClassLoader.java:121) ~[spring-boot-devtools-3.4.3.jar:3.4.3]
	at java.base/java.lang.ClassLoader.loadClass(ClassLoader.java:526) ~[na:na]
	at java.base/java.lang.Class.forName0(Native Method) ~[na:na]
	at java.base/java.lang.Class.forName(Class.java:536) ~[na:na]
	at java.base/java.lang.Class.forName(Class.java:515) ~[na:na]
	at org.springframework.util.ClassUtils.forName(ClassUtils.java:321) ~[spring-core-6.2.3.jar:6.2.3]
	at org.springframework.data.repository.config.RepositoryConfigurationExtensionSupport.loadRepositoryInterface(RepositoryConfigurationExtensionSupport.java:368) ~[spring-data-commons-3.4.3.jar:3.4.3]
	at org.springframework.data.repository.config.RepositoryConfigurationExtensionSupport.getRepositoryConfigurations(RepositoryConfigurationExtensionSupport.java:85) ~[spring-data-commons-3.4.3.jar:3.4.3]
	at org.springframework.data.repository.config.RepositoryConfigurationDelegate.registerRepositoriesIn(RepositoryConfigurationDelegate.java:168) ~[spring-data-commons-3.4.3.jar:3.4.3]
	at org.springframework.boot.autoconfigure.data.AbstractRepositoryConfigurationSourceSupport.registerBeanDefinitions(AbstractRepositoryConfigurationSourceSupport.java:62) ~[spring-boot-autoconfigure-3.4.3.jar:3.4.3]
	at org.springframework.context.annotation.ConfigurationClassBeanDefinitionReader.lambda$loadBeanDefinitionsFromRegistrars$1(ConfigurationClassBeanDefinitionReader.java:397) ~[spring-context-6.2.3.jar:6.2.3]
	at java.base/java.util.LinkedHashMap.forEach(LinkedHashMap.java:986) ~[na:na]
	at org.springframework.context.annotation.ConfigurationClassBeanDefinitionReader.loadBeanDefinitionsFromRegistrars(ConfigurationClassBeanDefinitionReader.java:396) ~[spring-context-6.2.3.jar:6.2.3]
	at org.springframework.context.annotation.ConfigurationClassBeanDefinitionReader.loadBeanDefinitionsForConfigurationClass(ConfigurationClassBeanDefinitionReader.java:149) ~[spring-context-6.2.3.jar:6.2.3]
	at org.springframework.context.annotation.ConfigurationClassBeanDefinitionReader.loadBeanDefinitions(ConfigurationClassBeanDefinitionReader.java:121) ~[spring-context-6.2.3.jar:6.2.3]
	at org.springframework.context.annotation.ConfigurationClassPostProcessor.processConfigBeanDefinitions(ConfigurationClassPostProcessor.java:430) ~[spring-context-6.2.3.jar:6.2.3]
	at org.springframework.context.annotation.ConfigurationClassPostProcessor.postProcessBeanDefinitionRegistry(ConfigurationClassPostProcessor.java:290) ~[spring-context-6.2.3.jar:6.2.3]
	at org.springframework.context.support.PostProcessorRegistrationDelegate.invokeBeanDefinitionRegistryPostProcessors(PostProcessorRegistrationDelegate.java:349) ~[spring-context-6.2.3.jar:6.2.3]
	at org.springframework.context.support.PostProcessorRegistrationDelegate.invokeBeanFactoryPostProcessors(PostProcessorRegistrationDelegate.java:118) ~[spring-context-6.2.3.jar:6.2.3]
	at org.springframework.context.support.AbstractApplicationContext.invokeBeanFactoryPostProcessors(AbstractApplicationContext.java:791) ~[spring-context-6.2.3.jar:6.2.3]
	at org.springframework.context.support.AbstractApplicationContext.refresh(AbstractApplicationContext.java:609) ~[spring-context-6.2.3.jar:6.2.3]
	at org.springframework.boot.web.servlet.context.ServletWebServerApplicationContext.refresh(ServletWebServerApplicationContext.java:146) ~[spring-boot-3.4.3.jar:3.4.3]
	at org.springframework.boot.SpringApplication.refresh(SpringApplication.java:752) ~[spring-boot-3.4.3.jar:3.4.3]
	at org.springframework.boot.SpringApplication.refreshContext(SpringApplication.java:439) ~[spring-boot-3.4.3.jar:3.4.3]
	at org.springframework.boot.SpringApplication.run(SpringApplication.java:318) ~[spring-boot-3.4.3.jar:3.4.3]
	at org.springframework.boot.SpringApplication.run(SpringApplication.java:1361) ~[spring-boot-3.4.3.jar:3.4.3]
	at org.springframework.boot.SpringApplication.run(SpringApplication.java:1350) ~[spring-boot-3.4.3.jar:3.4.3]
	at com.IT_market.ItMarketApplication.main(ItMarketApplication.java:10) ~[classes/:na]
	at java.base/jdk.internal.reflect.DirectMethodHandleAccessor.invoke(DirectMethodHandleAccessor.java:103) ~[na:na]
	at java.base/java.lang.reflect.Method.invoke(Method.java:580) ~[na:na]
	at org.springframework.boot.devtools.restart.RestartLauncher.run(RestartLauncher.java:50) ~[spring-boot-devtools-3.4.3.jar:3.4.3]

2025-12-21T21:42:50.203+03:00  WARN 33695 --- [IT_market] [restartedMain] .RepositoryConfigurationExtensionSupport : JPA - Could not load type com.IT_market.repository.OrderRepository using class loader org.springframework.boot.devtools.restart.classloader.RestartClassLoader@5787c65a

java.lang.ClassNotFoundException: com.IT_market.repository.OrderRepository
	at java.base/jdk.internal.loader.BuiltinClassLoader.loadClass(BuiltinClassLoader.java:641) ~[na:na]
	at java.base/jdk.internal.loader.ClassLoaders$AppClassLoader.loadClass(ClassLoaders.java:188) ~[na:na]
	at java.base/java.lang.ClassLoader.loadClass(ClassLoader.java:526) ~[na:na]
	at java.base/java.lang.Class.forName0(Native Method) ~[na:na]
	at java.base/java.lang.Class.forName(Class.java:536) ~[na:na]
	at java.base/java.lang.Class.forName(Class.java:515) ~[na:na]
	at org.springframework.boot.devtools.restart.classloader.RestartClassLoader.loadClass(RestartClassLoader.java:121) ~[spring-boot-devtools-3.4.3.jar:3.4.3]
	at java.base/java.lang.ClassLoader.loadClass(ClassLoader.java:526) ~[na:na]
	at java.base/java.lang.Class.forName0(Native Method) ~[na:na]
	at java.base/java.lang.Class.forName(Class.java:536) ~[na:na]
	at java.base/java.lang.Class.forName(Class.java:515) ~[na:na]
	at org.springframework.util.ClassUtils.forName(ClassUtils.java:321) ~[spring-core-6.2.3.jar:6.2.3]
	at org.springframework.data.repository.config.RepositoryConfigurationExtensionSupport.loadRepositoryInterface(RepositoryConfigurationExtensionSupport.java:368) ~[spring-data-commons-3.4.3.jar:3.4.3]
	at org.springframework.data.repository.config.RepositoryConfigurationExtensionSupport.getRepositoryConfigurations(RepositoryConfigurationExtensionSupport.java:85) ~[spring-data-commons-3.4.3.jar:3.4.3]
	at org.springframework.data.repository.config.RepositoryConfigurationDelegate.registerRepositoriesIn(RepositoryConfigurationDelegate.java:168) ~[spring-data-commons-3.4.3.jar:3.4.3]
	at org.springframework.boot.autoconfigure.data.AbstractRepositoryConfigurationSourceSupport.registerBeanDefinitions(AbstractRepositoryConfigurationSourceSupport.java:62) ~[spring-boot-autoconfigure-3.4.3.jar:3.4.3]
	at org.springframework.context.annotation.ConfigurationClassBeanDefinitionReader.lambda$loadBeanDefinitionsFromRegistrars$1(ConfigurationClassBeanDefinitionReader.java:397) ~[spring-context-6.2.3.jar:6.2.3]
	at java.base/java.util.LinkedHashMap.forEach(LinkedHashMap.java:986) ~[na:na]
	at org.springframework.context.annotation.ConfigurationClassBeanDefinitionReader.loadBeanDefinitionsFromRegistrars(ConfigurationClassBeanDefinitionReader.java:396) ~[spring-context-6.2.3.jar:6.2.3]
	at org.springframework.context.annotation.ConfigurationClassBeanDefinitionReader.loadBeanDefinitionsForConfigurationClass(ConfigurationClassBeanDefinitionReader.java:149) ~[spring-context-6.2.3.jar:6.2.3]
	at org.springframework.context.annotation.ConfigurationClassBeanDefinitionReader.loadBeanDefinitions(ConfigurationClassBeanDefinitionReader.java:121) ~[spring-context-6.2.3.jar:6.2.3]
	at org.springframework.context.annotation.ConfigurationClassPostProcessor.processConfigBeanDefinitions(ConfigurationClassPostProcessor.java:430) ~[spring-context-6.2.3.jar:6.2.3]
	at org.springframework.context.annotation.ConfigurationClassPostProcessor.postProcessBeanDefinitionRegistry(ConfigurationClassPostProcessor.java:290) ~[spring-context-6.2.3.jar:6.2.3]
	at org.springframework.context.support.PostProcessorRegistrationDelegate.invokeBeanDefinitionRegistryPostProcessors(PostProcessorRegistrationDelegate.java:349) ~[spring-context-6.2.3.jar:6.2.3]
	at org.springframework.context.support.PostProcessorRegistrationDelegate.invokeBeanFactoryPostProcessors(PostProcessorRegistrationDelegate.java:118) ~[spring-context-6.2.3.jar:6.2.3]
	at org.springframework.context.support.AbstractApplicationContext.invokeBeanFactoryPostProcessors(AbstractApplicationContext.java:791) ~[spring-context-6.2.3.jar:6.2.3]
	at org.springframework.context.support.AbstractApplicationContext.refresh(AbstractApplicationContext.java:609) ~[spring-context-6.2.3.jar:6.2.3]
	at org.springframework.boot.web.servlet.context.ServletWebServerApplicationContext.refresh(ServletWebServerApplicationContext.java:146) ~[spring-boot-3.4.3.jar:3.4.3]
	at org.springframework.boot.SpringApplication.refresh(SpringApplication.java:752) ~[spring-boot-3.4.3.jar:3.4.3]
	at org.springframework.boot.SpringApplication.refreshContext(SpringApplication.java:439) ~[spring-boot-3.4.3.jar:3.4.3]
	at org.springframework.boot.SpringApplication.run(SpringApplication.java:318) ~[spring-boot-3.4.3.jar:3.4.3]
	at org.springframework.boot.SpringApplication.run(SpringApplication.java:1361) ~[spring-boot-3.4.3.jar:3.4.3]
	at org.springframework.boot.SpringApplication.run(SpringApplication.java:1350) ~[spring-boot-3.4.3.jar:3.4.3]
	at com.IT_market.ItMarketApplication.main(ItMarketApplication.java:10) ~[classes/:na]
	at java.base/jdk.internal.reflect.DirectMethodHandleAccessor.invoke(DirectMethodHandleAccessor.java:103) ~[na:na]
	at java.base/java.lang.reflect.Method.invoke(Method.java:580) ~[na:na]
	at org.springframework.boot.devtools.restart.RestartLauncher.run(RestartLauncher.java:50) ~[spring-boot-devtools-3.4.3.jar:3.4.3]

2025-12-21T21:42:50.208+03:00  WARN 33695 --- [IT_market] [restartedMain] .RepositoryConfigurationExtensionSupport : JPA - Could not load type com.IT_market.repository.ProductRepository using class loader org.springframework.boot.devtools.restart.classloader.RestartClassLoader@5787c65a

java.lang.ClassNotFoundException: com.IT_market.repository.ProductRepository
	at java.base/jdk.internal.loader.BuiltinClassLoader.loadClass(BuiltinClassLoader.java:641) ~[na:na]
	at java.base/jdk.internal.loader.ClassLoaders$AppClassLoader.loadClass(ClassLoaders.java:188) ~[na:na]
	at java.base/java.lang.ClassLoader.loadClass(ClassLoader.java:526) ~[na:na]
	at java.base/java.lang.Class.forName0(Native Method) ~[na:na]
	at java.base/java.lang.Class.forName(Class.java:536) ~[na:na]
	at java.base/java.lang.Class.forName(Class.java:515) ~[na:na]
	at org.springframework.boot.devtools.restart.classloader.RestartClassLoader.loadClass(RestartClassLoader.java:121) ~[spring-boot-devtools-3.4.3.jar:3.4.3]
	at java.base/java.lang.ClassLoader.loadClass(ClassLoader.java:526) ~[na:na]
	at java.base/java.lang.Class.forName0(Native Method) ~[na:na]
	at java.base/java.lang.Class.forName(Class.java:536) ~[na:na]
	at java.base/java.lang.Class.forName(Class.java:515) ~[na:na]
	at org.springframework.util.ClassUtils.forName(ClassUtils.java:321) ~[spring-core-6.2.3.jar:6.2.3]
	at org.springframework.data.repository.config.RepositoryConfigurationExtensionSupport.loadRepositoryInterface(RepositoryConfigurationExtensionSupport.java:368) ~[spring-data-commons-3.4.3.jar:3.4.3]
	at org.springframework.data.repository.config.RepositoryConfigurationExtensionSupport.getRepositoryConfigurations(RepositoryConfigurationExtensionSupport.java:85) ~[spring-data-commons-3.4.3.jar:3.4.3]
	at org.springframework.data.repository.config.RepositoryConfigurationDelegate.registerRepositoriesIn(RepositoryConfigurationDelegate.java:168) ~[spring-data-commons-3.4.3.jar:3.4.3]
	at org.springframework.boot.autoconfigure.data.AbstractRepositoryConfigurationSourceSupport.registerBeanDefinitions(AbstractRepositoryConfigurationSourceSupport.java:62) ~[spring-boot-autoconfigure-3.4.3.jar:3.4.3]
	at org.springframework.context.annotation.ConfigurationClassBeanDefinitionReader.lambda$loadBeanDefinitionsFromRegistrars$1(ConfigurationClassBeanDefinitionReader.java:397) ~[spring-context-6.2.3.jar:6.2.3]
	at java.base/java.util.LinkedHashMap.forEach(LinkedHashMap.java:986) ~[na:na]
	at org.springframework.context.annotation.ConfigurationClassBeanDefinitionReader.loadBeanDefinitionsFromRegistrars(ConfigurationClassBeanDefinitionReader.java:396) ~[spring-context-6.2.3.jar:6.2.3]
	at org.springframework.context.annotation.ConfigurationClassBeanDefinitionReader.loadBeanDefinitionsForConfigurationClass(ConfigurationClassBeanDefinitionReader.java:149) ~[spring-context-6.2.3.jar:6.2.3]
	at org.springframework.context.annotation.ConfigurationClassBeanDefinitionReader.loadBeanDefinitions(ConfigurationClassBeanDefinitionReader.java:121) ~[spring-context-6.2.3.jar:6.2.3]
	at org.springframework.context.annotation.ConfigurationClassPostProcessor.processConfigBeanDefinitions(ConfigurationClassPostProcessor.java:430) ~[spring-context-6.2.3.jar:6.2.3]
	at org.springframework.context.annotation.ConfigurationClassPostProcessor.postProcessBeanDefinitionRegistry(ConfigurationClassPostProcessor.java:290) ~[spring-context-6.2.3.jar:6.2.3]
	at org.springframework.context.support.PostProcessorRegistrationDelegate.invokeBeanDefinitionRegistryPostProcessors(PostProcessorRegistrationDelegate.java:349) ~[spring-context-6.2.3.jar:6.2.3]
	at org.springframework.context.support.PostProcessorRegistrationDelegate.invokeBeanFactoryPostProcessors(PostProcessorRegistrationDelegate.java:118) ~[spring-context-6.2.3.jar:6.2.3]
	at org.springframework.context.support.AbstractApplicationContext.invokeBeanFactoryPostProcessors(AbstractApplicationContext.java:791) ~[spring-context-6.2.3.jar:6.2.3]
	at org.springframework.context.support.AbstractApplicationContext.refresh(AbstractApplicationContext.java:609) ~[spring-context-6.2.3.jar:6.2.3]
	at org.springframework.boot.web.servlet.context.ServletWebServerApplicationContext.refresh(ServletWebServerApplicationContext.java:146) ~[spring-boot-3.4.3.jar:3.4.3]
	at org.springframework.boot.SpringApplication.refresh(SpringApplication.java:752) ~[spring-boot-3.4.3.jar:3.4.3]
	at org.springframework.boot.SpringApplication.refreshContext(SpringApplication.java:439) ~[spring-boot-3.4.3.jar:3.4.3]
	at org.springframework.boot.SpringApplication.run(SpringApplication.java:318) ~[spring-boot-3.4.3.jar:3.4.3]
	at org.springframework.boot.SpringApplication.run(SpringApplication.java:1361) ~[spring-boot-3.4.3.jar:3.4.3]
	at org.springframework.boot.SpringApplication.run(SpringApplication.java:1350) ~[spring-boot-3.4.3.jar:3.4.3]
	at com.IT_market.ItMarketApplication.main(ItMarketApplication.java:10) ~[classes/:na]
	at java.base/jdk.internal.reflect.DirectMethodHandleAccessor.invoke(DirectMethodHandleAccessor.java:103) ~[na:na]
	at java.base/java.lang.reflect.Method.invoke(Method.java:580) ~[na:na]
	at org.springframework.boot.devtools.restart.RestartLauncher.run(RestartLauncher.java:50) ~[spring-boot-devtools-3.4.3.jar:3.4.3]

2025-12-21T21:42:50.212+03:00  WARN 33695 --- [IT_market] [restartedMain] .RepositoryConfigurationExtensionSupport : JPA - Could not load type com.IT_market.repository.RoleRepository using class loader org.springframework.boot.devtools.restart.classloader.RestartClassLoader@5787c65a

java.lang.ClassNotFoundException: com.IT_market.repository.RoleRepository
	at java.base/jdk.internal.loader.BuiltinClassLoader.loadClass(BuiltinClassLoader.java:641) ~[na:na]
	at java.base/jdk.internal.loader.ClassLoaders$AppClassLoader.loadClass(ClassLoaders.java:188) ~[na:na]
	at java.base/java.lang.ClassLoader.loadClass(ClassLoader.java:526) ~[na:na]
	at java.base/java.lang.Class.forName0(Native Method) ~[na:na]
	at java.base/java.lang.Class.forName(Class.java:536) ~[na:na]
	at java.base/java.lang.Class.forName(Class.java:515) ~[na:na]
	at org.springframework.boot.devtools.restart.classloader.RestartClassLoader.loadClass(RestartClassLoader.java:121) ~[spring-boot-devtools-3.4.3.jar:3.4.3]
	at java.base/java.lang.ClassLoader.loadClass(ClassLoader.java:526) ~[na:na]
	at java.base/java.lang.Class.forName0(Native Method) ~[na:na]
	at java.base/java.lang.Class.forName(Class.java:536) ~[na:na]
	at java.base/java.lang.Class.forName(Class.java:515) ~[na:na]
	at org.springframework.util.ClassUtils.forName(ClassUtils.java:321) ~[spring-core-6.2.3.jar:6.2.3]
	at org.springframework.data.repository.config.RepositoryConfigurationExtensionSupport.loadRepositoryInterface(RepositoryConfigurationExtensionSupport.java:368) ~[spring-data-commons-3.4.3.jar:3.4.3]
	at org.springframework.data.repository.config.RepositoryConfigurationExtensionSupport.getRepositoryConfigurations(RepositoryConfigurationExtensionSupport.java:85) ~[spring-data-commons-3.4.3.jar:3.4.3]
	at org.springframework.data.repository.config.RepositoryConfigurationDelegate.registerRepositoriesIn(RepositoryConfigurationDelegate.java:168) ~[spring-data-commons-3.4.3.jar:3.4.3]
	at org.springframework.boot.autoconfigure.data.AbstractRepositoryConfigurationSourceSupport.registerBeanDefinitions(AbstractRepositoryConfigurationSourceSupport.java:62) ~[spring-boot-autoconfigure-3.4.3.jar:3.4.3]
	at org.springframework.context.annotation.ConfigurationClassBeanDefinitionReader.lambda$loadBeanDefinitionsFromRegistrars$1(ConfigurationClassBeanDefinitionReader.java:397) ~[spring-context-6.2.3.jar:6.2.3]
	at java.base/java.util.LinkedHashMap.forEach(LinkedHashMap.java:986) ~[na:na]
	at org.springframework.context.annotation.ConfigurationClassBeanDefinitionReader.loadBeanDefinitionsFromRegistrars(ConfigurationClassBeanDefinitionReader.java:396) ~[spring-context-6.2.3.jar:6.2.3]
	at org.springframework.context.annotation.ConfigurationClassBeanDefinitionReader.loadBeanDefinitionsForConfigurationClass(ConfigurationClassBeanDefinitionReader.java:149) ~[spring-context-6.2.3.jar:6.2.3]
	at org.springframework.context.annotation.ConfigurationClassBeanDefinitionReader.loadBeanDefinitions(ConfigurationClassBeanDefinitionReader.java:121) ~[spring-context-6.2.3.jar:6.2.3]
	at org.springframework.context.annotation.ConfigurationClassPostProcessor.processConfigBeanDefinitions(ConfigurationClassPostProcessor.java:430) ~[spring-context-6.2.3.jar:6.2.3]
	at org.springframework.context.annotation.ConfigurationClassPostProcessor.postProcessBeanDefinitionRegistry(ConfigurationClassPostProcessor.java:290) ~[spring-context-6.2.3.jar:6.2.3]
	at org.springframework.context.support.PostProcessorRegistrationDelegate.invokeBeanDefinitionRegistryPostProcessors(PostProcessorRegistrationDelegate.java:349) ~[spring-context-6.2.3.jar:6.2.3]
	at org.springframework.context.support.PostProcessorRegistrationDelegate.invokeBeanFactoryPostProcessors(PostProcessorRegistrationDelegate.java:118) ~[spring-context-6.2.3.jar:6.2.3]
	at org.springframework.context.support.AbstractApplicationContext.invokeBeanFactoryPostProcessors(AbstractApplicationContext.java:791) ~[spring-context-6.2.3.jar:6.2.3]
	at org.springframework.context.support.AbstractApplicationContext.refresh(AbstractApplicationContext.java:609) ~[spring-context-6.2.3.jar:6.2.3]
	at org.springframework.boot.web.servlet.context.ServletWebServerApplicationContext.refresh(ServletWebServerApplicationContext.java:146) ~[spring-boot-3.4.3.jar:3.4.3]
	at org.springframework.boot.SpringApplication.refresh(SpringApplication.java:752) ~[spring-boot-3.4.3.jar:3.4.3]
	at org.springframework.boot.SpringApplication.refreshContext(SpringApplication.java:439) ~[spring-boot-3.4.3.jar:3.4.3]
	at org.springframework.boot.SpringApplication.run(SpringApplication.java:318) ~[spring-boot-3.4.3.jar:3.4.3]
	at org.springframework.boot.SpringApplication.run(SpringApplication.java:1361) ~[spring-boot-3.4.3.jar:3.4.3]
	at org.springframework.boot.SpringApplication.run(SpringApplication.java:1350) ~[spring-boot-3.4.3.jar:3.4.3]
	at com.IT_market.ItMarketApplication.main(ItMarketApplication.java:10) ~[classes/:na]
	at java.base/jdk.internal.reflect.DirectMethodHandleAccessor.invoke(DirectMethodHandleAccessor.java:103) ~[na:na]
	at java.base/java.lang.reflect.Method.invoke(Method.java:580) ~[na:na]
	at org.springframework.boot.devtools.restart.RestartLauncher.run(RestartLauncher.java:50) ~[spring-boot-devtools-3.4.3.jar:3.4.3]

2025-12-21T21:42:50.217+03:00  WARN 33695 --- [IT_market] [restartedMain] .RepositoryConfigurationExtensionSupport : JPA - Could not load type com.IT_market.repository.SellRequestRepository using class loader org.springframework.boot.devtools.restart.classloader.RestartClassLoader@5787c65a

java.lang.ClassNotFoundException: com.IT_market.repository.SellRequestRepository
	at java.base/jdk.internal.loader.BuiltinClassLoader.loadClass(BuiltinClassLoader.java:641) ~[na:na]
	at java.base/jdk.internal.loader.ClassLoaders$AppClassLoader.loadClass(ClassLoaders.java:188) ~[na:na]
	at java.base/java.lang.ClassLoader.loadClass(ClassLoader.java:526) ~[na:na]
	at java.base/java.lang.Class.forName0(Native Method) ~[na:na]
	at java.base/java.lang.Class.forName(Class.java:536) ~[na:na]
	at java.base/java.lang.Class.forName(Class.java:515) ~[na:na]
	at org.springframework.boot.devtools.restart.classloader.RestartClassLoader.loadClass(RestartClassLoader.java:121) ~[spring-boot-devtools-3.4.3.jar:3.4.3]
	at java.base/java.lang.ClassLoader.loadClass(ClassLoader.java:526) ~[na:na]
	at java.base/java.lang.Class.forName0(Native Method) ~[na:na]
	at java.base/java.lang.Class.forName(Class.java:536) ~[na:na]
	at java.base/java.lang.Class.forName(Class.java:515) ~[na:na]
	at org.springframework.util.ClassUtils.forName(ClassUtils.java:321) ~[spring-core-6.2.3.jar:6.2.3]
	at org.springframework.data.repository.config.RepositoryConfigurationExtensionSupport.loadRepositoryInterface(RepositoryConfigurationExtensionSupport.java:368) ~[spring-data-commons-3.4.3.jar:3.4.3]
	at org.springframework.data.repository.config.RepositoryConfigurationExtensionSupport.getRepositoryConfigurations(RepositoryConfigurationExtensionSupport.java:85) ~[spring-data-commons-3.4.3.jar:3.4.3]
	at org.springframework.data.repository.config.RepositoryConfigurationDelegate.registerRepositoriesIn(RepositoryConfigurationDelegate.java:168) ~[spring-data-commons-3.4.3.jar:3.4.3]
	at org.springframework.boot.autoconfigure.data.AbstractRepositoryConfigurationSourceSupport.registerBeanDefinitions(AbstractRepositoryConfigurationSourceSupport.java:62) ~[spring-boot-autoconfigure-3.4.3.jar:3.4.3]
	at org.springframework.context.annotation.ConfigurationClassBeanDefinitionReader.lambda$loadBeanDefinitionsFromRegistrars$1(ConfigurationClassBeanDefinitionReader.java:397) ~[spring-context-6.2.3.jar:6.2.3]
	at java.base/java.util.LinkedHashMap.forEach(LinkedHashMap.java:986) ~[na:na]
	at org.springframework.context.annotation.ConfigurationClassBeanDefinitionReader.loadBeanDefinitionsFromRegistrars(ConfigurationClassBeanDefinitionReader.java:396) ~[spring-context-6.2.3.jar:6.2.3]
	at org.springframework.context.annotation.ConfigurationClassBeanDefinitionReader.loadBeanDefinitionsForConfigurationClass(ConfigurationClassBeanDefinitionReader.java:149) ~[spring-context-6.2.3.jar:6.2.3]
	at org.springframework.context.annotation.ConfigurationClassBeanDefinitionReader.loadBeanDefinitions(ConfigurationClassBeanDefinitionReader.java:121) ~[spring-context-6.2.3.jar:6.2.3]
	at org.springframework.context.annotation.ConfigurationClassPostProcessor.processConfigBeanDefinitions(ConfigurationClassPostProcessor.java:430) ~[spring-context-6.2.3.jar:6.2.3]
	at org.springframework.context.annotation.ConfigurationClassPostProcessor.postProcessBeanDefinitionRegistry(ConfigurationClassPostProcessor.java:290) ~[spring-context-6.2.3.jar:6.2.3]
	at org.springframework.context.support.PostProcessorRegistrationDelegate.invokeBeanDefinitionRegistryPostProcessors(PostProcessorRegistrationDelegate.java:349) ~[spring-context-6.2.3.jar:6.2.3]
	at org.springframework.context.support.PostProcessorRegistrationDelegate.invokeBeanFactoryPostProcessors(PostProcessorRegistrationDelegate.java:118) ~[spring-context-6.2.3.jar:6.2.3]
	at org.springframework.context.support.AbstractApplicationContext.invokeBeanFactoryPostProcessors(AbstractApplicationContext.java:791) ~[spring-context-6.2.3.jar:6.2.3]
	at org.springframework.context.support.AbstractApplicationContext.refresh(AbstractApplicationContext.java:609) ~[spring-context-6.2.3.jar:6.2.3]
	at org.springframework.boot.web.servlet.context.ServletWebServerApplicationContext.refresh(ServletWebServerApplicationContext.java:146) ~[spring-boot-3.4.3.jar:3.4.3]
	at org.springframework.boot.SpringApplication.refresh(SpringApplication.java:752) ~[spring-boot-3.4.3.jar:3.4.3]
	at org.springframework.boot.SpringApplication.refreshContext(SpringApplication.java:439) ~[spring-boot-3.4.3.jar:3.4.3]
	at org.springframework.boot.SpringApplication.run(SpringApplication.java:318) ~[spring-boot-3.4.3.jar:3.4.3]
	at org.springframework.boot.SpringApplication.run(SpringApplication.java:1361) ~[spring-boot-3.4.3.jar:3.4.3]
	at org.springframework.boot.SpringApplication.run(SpringApplication.java:1350) ~[spring-boot-3.4.3.jar:3.4.3]
	at com.IT_market.ItMarketApplication.main(ItMarketApplication.java:10) ~[classes/:na]
	at java.base/jdk.internal.reflect.DirectMethodHandleAccessor.invoke(DirectMethodHandleAccessor.java:103) ~[na:na]
	at java.base/java.lang.reflect.Method.invoke(Method.java:580) ~[na:na]
	at org.springframework.boot.devtools.restart.RestartLauncher.run(RestartLauncher.java:50) ~[spring-boot-devtools-3.4.3.jar:3.4.3]

2025-12-21T21:42:50.220+03:00  WARN 33695 --- [IT_market] [restartedMain] .RepositoryConfigurationExtensionSupport : JPA - Could not load type com.IT_market.repository.UserRepository using class loader org.springframework.boot.devtools.restart.classloader.RestartClassLoader@5787c65a

java.lang.ClassNotFoundException: com.IT_market.repository.UserRepository
	at java.base/jdk.internal.loader.BuiltinClassLoader.loadClass(BuiltinClassLoader.java:641) ~[na:na]
	at java.base/jdk.internal.loader.ClassLoaders$AppClassLoader.loadClass(ClassLoaders.java:188) ~[na:na]
	at java.base/java.lang.ClassLoader.loadClass(ClassLoader.java:526) ~[na:na]
	at java.base/java.lang.Class.forName0(Native Method) ~[na:na]
	at java.base/java.lang.Class.forName(Class.java:536) ~[na:na]
	at java.base/java.lang.Class.forName(Class.java:515) ~[na:na]
	at org.springframework.boot.devtools.restart.classloader.RestartClassLoader.loadClass(RestartClassLoader.java:121) ~[spring-boot-devtools-3.4.3.jar:3.4.3]
	at java.base/java.lang.ClassLoader.loadClass(ClassLoader.java:526) ~[na:na]
	at java.base/java.lang.Class.forName0(Native Method) ~[na:na]
	at java.base/java.lang.Class.forName(Class.java:536) ~[na:na]
	at java.base/java.lang.Class.forName(Class.java:515) ~[na:na]
	at org.springframework.util.ClassUtils.forName(ClassUtils.java:321) ~[spring-core-6.2.3.jar:6.2.3]
	at org.springframework.data.repository.config.RepositoryConfigurationExtensionSupport.loadRepositoryInterface(RepositoryConfigurationExtensionSupport.java:368) ~[spring-data-commons-3.4.3.jar:3.4.3]
	at org.springframework.data.repository.config.RepositoryConfigurationExtensionSupport.getRepositoryConfigurations(RepositoryConfigurationExtensionSupport.java:85) ~[spring-data-commons-3.4.3.jar:3.4.3]
	at org.springframework.data.repository.config.RepositoryConfigurationDelegate.registerRepositoriesIn(RepositoryConfigurationDelegate.java:168) ~[spring-data-commons-3.4.3.jar:3.4.3]
	at org.springframework.boot.autoconfigure.data.AbstractRepositoryConfigurationSourceSupport.registerBeanDefinitions(AbstractRepositoryConfigurationSourceSupport.java:62) ~[spring-boot-autoconfigure-3.4.3.jar:3.4.3]
	at org.springframework.context.annotation.ConfigurationClassBeanDefinitionReader.lambda$loadBeanDefinitionsFromRegistrars$1(ConfigurationClassBeanDefinitionReader.java:397) ~[spring-context-6.2.3.jar:6.2.3]
	at java.base/java.util.LinkedHashMap.forEach(LinkedHashMap.java:986) ~[na:na]
	at org.springframework.context.annotation.ConfigurationClassBeanDefinitionReader.loadBeanDefinitionsFromRegistrars(ConfigurationClassBeanDefinitionReader.java:396) ~[spring-context-6.2.3.jar:6.2.3]
	at org.springframework.context.annotation.ConfigurationClassBeanDefinitionReader.loadBeanDefinitionsForConfigurationClass(ConfigurationClassBeanDefinitionReader.java:149) ~[spring-context-6.2.3.jar:6.2.3]
	at org.springframework.context.annotation.ConfigurationClassBeanDefinitionReader.loadBeanDefinitions(ConfigurationClassBeanDefinitionReader.java:121) ~[spring-context-6.2.3.jar:6.2.3]
	at org.springframework.context.annotation.ConfigurationClassPostProcessor.processConfigBeanDefinitions(ConfigurationClassPostProcessor.java:430) ~[spring-context-6.2.3.jar:6.2.3]
	at org.springframework.context.annotation.ConfigurationClassPostProcessor.postProcessBeanDefinitionRegistry(ConfigurationClassPostProcessor.java:290) ~[spring-context-6.2.3.jar:6.2.3]
	at org.springframework.context.support.PostProcessorRegistrationDelegate.invokeBeanDefinitionRegistryPostProcessors(PostProcessorRegistrationDelegate.java:349) ~[spring-context-6.2.3.jar:6.2.3]
	at org.springframework.context.support.PostProcessorRegistrationDelegate.invokeBeanFactoryPostProcessors(PostProcessorRegistrationDelegate.java:118) ~[spring-context-6.2.3.jar:6.2.3]
	at org.springframework.context.support.AbstractApplicationContext.invokeBeanFactoryPostProcessors(AbstractApplicationContext.java:791) ~[spring-context-6.2.3.jar:6.2.3]
	at org.springframework.context.support.AbstractApplicationContext.refresh(AbstractApplicationContext.java:609) ~[spring-context-6.2.3.jar:6.2.3]
	at org.springframework.boot.web.servlet.context.ServletWebServerApplicationContext.refresh(ServletWebServerApplicationContext.java:146) ~[spring-boot-3.4.3.jar:3.4.3]
	at org.springframework.boot.SpringApplication.refresh(SpringApplication.java:752) ~[spring-boot-3.4.3.jar:3.4.3]
	at org.springframework.boot.SpringApplication.refreshContext(SpringApplication.java:439) ~[spring-boot-3.4.3.jar:3.4.3]
	at org.springframework.boot.SpringApplication.run(SpringApplication.java:318) ~[spring-boot-3.4.3.jar:3.4.3]
	at org.springframework.boot.SpringApplication.run(SpringApplication.java:1361) ~[spring-boot-3.4.3.jar:3.4.3]
	at org.springframework.boot.SpringApplication.run(SpringApplication.java:1350) ~[spring-boot-3.4.3.jar:3.4.3]
	at com.IT_market.ItMarketApplication.main(ItMarketApplication.java:10) ~[classes/:na]
	at java.base/jdk.internal.reflect.DirectMethodHandleAccessor.invoke(DirectMethodHandleAccessor.java:103) ~[na:na]
	at java.base/java.lang.reflect.Method.invoke(Method.java:580) ~[na:na]
	at org.springframework.boot.devtools.restart.RestartLauncher.run(RestartLauncher.java:50) ~[spring-boot-devtools-3.4.3.jar:3.4.3]

2025-12-21T21:42:50.395+03:00  WARN 33695 --- [IT_market] [restartedMain] ConfigServletWebServerApplicationContext : Exception encountered during context initialization - cancelling refresh attempt: org.springframework.beans.factory.BeanDefinitionStoreException: Cannot parse com.IT_market.repository.OrderRepository metadata
2025-12-21T21:42:50.445+03:00  INFO 33695 --- [IT_market] [restartedMain] .s.b.a.l.ConditionEvaluationReportLogger : 

Error starting ApplicationContext. To display the condition evaluation report re-run your application with 'debug' enabled.
2025-12-21T21:42:51.425+03:00 ERROR 33695 --- [IT_market] [restartedMain] o.s.boot.SpringApplication               : Application run failed

org.springframework.beans.factory.BeanDefinitionStoreException: Cannot parse com.IT_market.repository.OrderRepository metadata
	at org.springframework.data.repository.config.FragmentMetadata.getClassMetadata(FragmentMetadata.java:87) ~[spring-data-commons-3.4.3.jar:3.4.3]
	at org.springframework.data.repository.config.FragmentMetadata.getFragmentInterfaces(FragmentMetadata.java:55) ~[spring-data-commons-3.4.3.jar:3.4.3]
	at org.springframework.data.repository.config.RepositoryBeanDefinitionBuilder.discoverFragments(RepositoryBeanDefinitionBuilder.java:246) ~[spring-data-commons-3.4.3.jar:3.4.3]
	at org.springframework.data.repository.config.RepositoryBeanDefinitionBuilder.registerRepositoryFragmentsImplementation(RepositoryBeanDefinitionBuilder.java:236) ~[spring-data-commons-3.4.3.jar:3.4.3]
	at org.springframework.data.repository.config.RepositoryBeanDefinitionBuilder.registerRepositoryFragments(RepositoryBeanDefinitionBuilder.java:217) ~[spring-data-commons-3.4.3.jar:3.4.3]
	at org.springframework.data.repository.config.RepositoryBeanDefinitionBuilder.build(RepositoryBeanDefinitionBuilder.java:144) ~[spring-data-commons-3.4.3.jar:3.4.3]
	at org.springframework.data.repository.config.RepositoryConfigurationDelegate.registerRepositoriesIn(RepositoryConfigurationDelegate.java:179) ~[spring-data-commons-3.4.3.jar:3.4.3]
	at org.springframework.boot.autoconfigure.data.AbstractRepositoryConfigurationSourceSupport.registerBeanDefinitions(AbstractRepositoryConfigurationSourceSupport.java:62) ~[spring-boot-autoconfigure-3.4.3.jar:3.4.3]
	at org.springframework.context.annotation.ConfigurationClassBeanDefinitionReader.lambda$loadBeanDefinitionsFromRegistrars$1(ConfigurationClassBeanDefinitionReader.java:397) ~[spring-context-6.2.3.jar:6.2.3]
	at java.base/java.util.LinkedHashMap.forEach(LinkedHashMap.java:986) ~[na:na]
	at org.springframework.context.annotation.ConfigurationClassBeanDefinitionReader.loadBeanDefinitionsFromRegistrars(ConfigurationClassBeanDefinitionReader.java:396) ~[spring-context-6.2.3.jar:6.2.3]
	at org.springframework.context.annotation.ConfigurationClassBeanDefinitionReader.loadBeanDefinitionsForConfigurationClass(ConfigurationClassBeanDefinitionReader.java:149) ~[spring-context-6.2.3.jar:6.2.3]
	at org.springframework.context.annotation.ConfigurationClassBeanDefinitionReader.loadBeanDefinitions(ConfigurationClassBeanDefinitionReader.java:121) ~[spring-context-6.2.3.jar:6.2.3]
	at org.springframework.context.annotation.ConfigurationClassPostProcessor.processConfigBeanDefinitions(ConfigurationClassPostProcessor.java:430) ~[spring-context-6.2.3.jar:6.2.3]
	at org.springframework.context.annotation.ConfigurationClassPostProcessor.postProcessBeanDefinitionRegistry(ConfigurationClassPostProcessor.java:290) ~[spring-context-6.2.3.jar:6.2.3]
	at org.springframework.context.support.PostProcessorRegistrationDelegate.invokeBeanDefinitionRegistryPostProcessors(PostProcessorRegistrationDelegate.java:349) ~[spring-context-6.2.3.jar:6.2.3]
	at org.springframework.context.support.PostProcessorRegistrationDelegate.invokeBeanFactoryPostProcessors(PostProcessorRegistrationDelegate.java:118) ~[spring-context-6.2.3.jar:6.2.3]
	at org.springframework.context.support.AbstractApplicationContext.invokeBeanFactoryPostProcessors(AbstractApplicationContext.java:791) ~[spring-context-6.2.3.jar:6.2.3]
	at org.springframework.context.support.AbstractApplicationContext.refresh(AbstractApplicationContext.java:609) ~[spring-context-6.2.3.jar:6.2.3]
	at org.springframework.boot.web.servlet.context.ServletWebServerApplicationContext.refresh(ServletWebServerApplicationContext.java:146) ~[spring-boot-3.4.3.jar:3.4.3]
	at org.springframework.boot.SpringApplication.refresh(SpringApplication.java:752) ~[spring-boot-3.4.3.jar:3.4.3]
	at org.springframework.boot.SpringApplication.refreshContext(SpringApplication.java:439) ~[spring-boot-3.4.3.jar:3.4.3]
	at org.springframework.boot.SpringApplication.run(SpringApplication.java:318) ~[spring-boot-3.4.3.jar:3.4.3]
	at org.springframework.boot.SpringApplication.run(SpringApplication.java:1361) ~[spring-boot-3.4.3.jar:3.4.3]
	at org.springframework.boot.SpringApplication.run(SpringApplication.java:1350) ~[spring-boot-3.4.3.jar:3.4.3]
	at com.IT_market.ItMarketApplication.main(ItMarketApplication.java:10) ~[classes/:na]
	at java.base/jdk.internal.reflect.DirectMethodHandleAccessor.invoke(DirectMethodHandleAccessor.java:103) ~[na:na]
	at java.base/java.lang.reflect.Method.invoke(Method.java:580) ~[na:na]
	at org.springframework.boot.devtools.restart.RestartLauncher.run(RestartLauncher.java:50) ~[spring-boot-devtools-3.4.3.jar:3.4.3]
Caused by: java.io.FileNotFoundException: class path resource [com/IT_market/repository/OrderRepository.class] cannot be opened because it does not exist
	at org.springframework.core.io.ClassPathResource.getInputStream(ClassPathResource.java:215) ~[spring-core-6.2.3.jar:6.2.3]
	at org.springframework.core.type.classreading.SimpleMetadataReader.getClassReader(SimpleMetadataReader.java:54) ~[spring-core-6.2.3.jar:6.2.3]
	at org.springframework.core.type.classreading.SimpleMetadataReader.<init>(SimpleMetadataReader.java:48) ~[spring-core-6.2.3.jar:6.2.3]
	at org.springframework.core.type.classreading.SimpleMetadataReaderFactory.getMetadataReader(SimpleMetadataReaderFactory.java:103) ~[spring-core-6.2.3.jar:6.2.3]
	at org.springframework.core.type.classreading.CachingMetadataReaderFactory.getMetadataReader(CachingMetadataReaderFactory.java:122) ~[spring-core-6.2.3.jar:6.2.3]
	at org.springframework.core.type.classreading.SimpleMetadataReaderFactory.getMetadataReader(SimpleMetadataReaderFactory.java:81) ~[spring-core-6.2.3.jar:6.2.3]
	at org.springframework.data.repository.config.FragmentMetadata.getClassMetadata(FragmentMetadata.java:85) ~[spring-data-commons-3.4.3.jar:3.4.3]
	... 28 common frames omitted

2025-12-21T21:45:21.948+03:00  WARN 35083 --- [IT_market] [main] ory$DuplicateJsonObjectContextCustomizer : 

Found multiple occurrences of org.json.JSONObject on the class path:

	jar:file:/home/nalwoga/.m2/repository/org/json/json/20220320/json-20220320.jar!/org/json/JSONObject.class
	jar:file:/home/nalwoga/.m2/repository/com/vaadin/external/google/android-json/0.0.20131108.vaadin1/android-json-0.0.20131108.vaadin1.jar!/org/json/JSONObject.class

You may wish to exclude one of them to ensure predictable runtime behavior

2025-12-21T21:45:22.045+03:00  INFO 35083 --- [IT_market] [main] com.IT_market.ItMarketApplicationTests   : Starting ItMarketApplicationTests using Java 21.0.9-ea with PID 35083 (started by nalwoga in /home/nalwoga/Downloads/IT_market)
2025-12-21T21:45:22.048+03:00 DEBUG 35083 --- [IT_market] [main] com.IT_market.ItMarketApplicationTests   : Running with Spring Boot v3.4.3, Spring v6.2.3
2025-12-21T21:45:22.049+03:00  INFO 35083 --- [IT_market] [main] com.IT_market.ItMarketApplicationTests   : No active profile set, falling back to 1 default profile: "default"
2025-12-21T21:45:35.225+03:00  INFO 35083 --- [IT_market] [main] .s.d.r.c.RepositoryConfigurationDelegate : Multiple Spring Data modules found, entering strict repository configuration mode
2025-12-21T21:45:35.237+03:00  INFO 35083 --- [IT_market] [main] .s.d.r.c.RepositoryConfigurationDelegate : Bootstrapping Spring Data JPA repositories in DEFAULT mode.
2025-12-21T21:45:36.172+03:00  INFO 35083 --- [IT_market] [main] .s.d.r.c.RepositoryConfigurationDelegate : Finished Spring Data repository scanning in 859 ms. Found 7 JPA repository interfaces.
2025-12-21T21:45:36.382+03:00  INFO 35083 --- [IT_market] [main] .s.d.r.c.RepositoryConfigurationDelegate : Multiple Spring Data modules found, entering strict repository configuration mode
2025-12-21T21:45:36.384+03:00  INFO 35083 --- [IT_market] [main] .s.d.r.c.RepositoryConfigurationDelegate : Bootstrapping Spring Data Redis repositories in DEFAULT mode.
2025-12-21T21:45:36.411+03:00  INFO 35083 --- [IT_market] [main] .RepositoryConfigurationExtensionSupport : Spring Data Redis - Could not safely identify store assignment for repository candidate interface com.IT_market.repository.NotificationRepository; If you want this repository to be a Redis repository, consider annotating your entities with one of these annotations: org.springframework.data.redis.core.RedisHash (preferred), or consider extending one of the following types with your repository: org.springframework.data.keyvalue.repository.KeyValueRepository
2025-12-21T21:45:36.411+03:00  INFO 35083 --- [IT_market] [main] .RepositoryConfigurationExtensionSupport : Spring Data Redis - Could not safely identify store assignment for repository candidate interface com.IT_market.repository.OrderItemRepository; If you want this repository to be a Redis repository, consider annotating your entities with one of these annotations: org.springframework.data.redis.core.RedisHash (preferred), or consider extending one of the following types with your repository: org.springframework.data.keyvalue.repository.KeyValueRepository
2025-12-21T21:45:36.412+03:00  INFO 35083 --- [IT_market] [main] .RepositoryConfigurationExtensionSupport : Spring Data Redis - Could not safely identify store assignment for repository candidate interface com.IT_market.repository.OrderRepository; If you want this repository to be a Redis repository, consider annotating your entities with one of these annotations: org.springframework.data.redis.core.RedisHash (preferred), or consider extending one of the following types with your repository: org.springframework.data.keyvalue.repository.KeyValueRepository
2025-12-21T21:45:36.413+03:00  INFO 35083 --- [IT_market] [main] .RepositoryConfigurationExtensionSupport : Spring Data Redis - Could not safely identify store assignment for repository candidate interface com.IT_market.repository.ProductRepository; If you want this repository to be a Redis repository, consider annotating your entities with one of these annotations: org.springframework.data.redis.core.RedisHash (preferred), or consider extending one of the following types with your repository: org.springframework.data.keyvalue.repository.KeyValueRepository
2025-12-21T21:45:36.413+03:00  INFO 35083 --- [IT_market] [main] .RepositoryConfigurationExtensionSupport : Spring Data Redis - Could not safely identify store assignment for repository candidate interface com.IT_market.repository.RoleRepository; If you want this repository to be a Redis repository, consider annotating your entities with one of these annotations: org.springframework.data.redis.core.RedisHash (preferred), or consider extending one of the following types with your repository: org.springframework.data.keyvalue.repository.KeyValueRepository
2025-12-21T21:45:36.414+03:00  INFO 35083 --- [IT_market] [main] .RepositoryConfigurationExtensionSupport : Spring Data Redis - Could not safely identify store assignment for repository candidate interface com.IT_market.repository.SellRequestRepository; If you want this repository to be a Redis repository, consider annotating your entities with one of these annotations: org.springframework.data.redis.core.RedisHash (preferred), or consider extending one of the following types with your repository: org.springframework.data.keyvalue.repository.KeyValueRepository
2025-12-21T21:45:36.416+03:00  INFO 35083 --- [IT_market] [main] .RepositoryConfigurationExtensionSupport : Spring Data Redis - Could not safely identify store assignment for repository candidate interface com.IT_market.repository.UserRepository; If you want this repository to be a Redis repository, consider annotating your entities with one of these annotations: org.springframework.data.redis.core.RedisHash (preferred), or consider extending one of the following types with your repository: org.springframework.data.keyvalue.repository.KeyValueRepository
2025-12-21T21:45:36.416+03:00  INFO 35083 --- [IT_market] [main] .s.d.r.c.RepositoryConfigurationDelegate : Finished Spring Data repository scanning in 14 ms. Found 0 Redis repository interfaces.
2025-12-21T21:45:40.554+03:00  INFO 35083 --- [IT_market] [main] o.hibernate.jpa.internal.util.LogHelper  : HHH000204: Processing PersistenceUnitInfo [name: default]
2025-12-21T21:45:40.947+03:00  INFO 35083 --- [IT_market] [main] org.hibernate.Version                    : HHH000412: Hibernate ORM core version 6.6.8.Final
2025-12-21T21:45:41.178+03:00  INFO 35083 --- [IT_market] [main] o.h.c.internal.RegionFactoryInitiator    : HHH000026: Second-level cache disabled
2025-12-21T21:45:42.637+03:00  INFO 35083 --- [IT_market] [main] o.s.o.j.p.SpringPersistenceUnitInfo      : No LoadTimeWeaver setup: ignoring JPA class transformer
2025-12-21T21:45:42.851+03:00  INFO 35083 --- [IT_market] [main] com.zaxxer.hikari.HikariDataSource       : HikariPool-1 - Starting...
2025-12-21T21:45:56.817+03:00  INFO 35083 --- [IT_market] [main] com.zaxxer.hikari.pool.HikariPool        : HikariPool-1 - Added connection org.postgresql.jdbc.PgConnection@131b58d4
2025-12-21T21:45:56.821+03:00  INFO 35083 --- [IT_market] [main] com.zaxxer.hikari.HikariDataSource       : HikariPool-1 - Start completed.
2025-12-21T21:45:57.326+03:00  WARN 35083 --- [IT_market] [main] org.hibernate.orm.deprecation            : HHH90000025: PostgreSQLDialect does not need to be specified explicitly using 'hibernate.dialect' (remove the property setting and it will be selected by default)
2025-12-21T21:45:57.909+03:00  INFO 35083 --- [IT_market] [main] org.hibernate.orm.connections.pooling    : HHH10001005: Database info:
	Database JDBC URL [Connecting through datasource 'HikariDataSource (HikariPool-1)']
	Database driver: undefined/unknown
	Database version: 17.7
	Autocommit mode: undefined/unknown
	Isolation level: undefined/unknown
	Minimum pool size: undefined/unknown
	Maximum pool size: undefined/unknown
2025-12-21T21:46:02.679+03:00  INFO 35083 --- [IT_market] [main] o.h.e.t.j.p.i.JtaPlatformInitiator       : HHH000489: No JTA platform available (set 'hibernate.transaction.jta.platform' to enable JTA platform integration)
2025-12-21T21:46:20.619+03:00  INFO 35083 --- [IT_market] [main] j.LocalContainerEntityManagerFactoryBean : Initialized JPA EntityManagerFactory for persistence unit 'default'
2025-12-21T21:46:26.113+03:00  INFO 35083 --- [IT_market] [main] o.s.d.j.r.query.QueryEnhancerFactory     : Hibernate is in classpath; If applicable, HQL parser will be used.
2025-12-21T21:48:35.130+03:00  INFO 35083 --- [IT_market] [main] o.s.b.a.w.s.WelcomePageHandlerMapping    : Adding welcome page template: index
2025-12-21T21:50:05.237+03:00  INFO 35083 --- [IT_market] [main] o.s.b.a.e.web.EndpointLinksResolver      : Exposing 1 endpoint beneath base path '/actuator'
2025-12-21T21:50:19.091+03:00  INFO 35083 --- [IT_market] [main] o.s.m.s.b.SimpleBrokerMessageHandler     : Starting...
2025-12-21T21:50:19.092+03:00  INFO 35083 --- [IT_market] [main] o.s.m.s.b.SimpleBrokerMessageHandler     : BrokerAvailabilityEvent[available=true, SimpleBrokerMessageHandler [org.springframework.messaging.simp.broker.DefaultSubscriptionRegistry@45e93858]]
2025-12-21T21:50:20.568+03:00  INFO 35083 --- [IT_market] [main] o.s.m.s.b.SimpleBrokerMessageHandler     : Started.
2025-12-21T21:50:20.608+03:00  INFO 35083 --- [IT_market] [main] com.IT_market.ItMarketApplicationTests   : Started ItMarketApplicationTests in 300.824 seconds (process running for 322.42)
2025-12-21T21:51:08.272+03:00  INFO 35083 --- [IT_market] [MessageBroker-1] o.s.w.s.c.WebSocketMessageBrokerStats    : WebSocketSession[0 current WS(0)-HttpStream(0)-HttpPoll(0), 0 total, 0 closed abnormally (0 connect failure, 0 send limit, 0 transport error)], stompSubProtocol[processed CONNECT(0)-CONNECTED(0)-DISCONNECT(0)], stompBrokerRelay[null], inboundChannel[pool size = 0, active threads = 0, queued tasks = 0, completed tasks = 0], outboundChannel[pool size = 0, active threads = 0, queued tasks = 0, completed tasks = 0], sockJsScheduler[pool size = 1, active threads = 1, queued tasks = 0, completed tasks = 0]
2025-12-21T21:51:46.657+03:00  INFO 35083 --- [IT_market] [SpringApplicationShutdownHook] o.s.m.s.b.SimpleBrokerMessageHandler     : Stopping...
2025-12-21T21:51:46.657+03:00  INFO 35083 --- [IT_market] [SpringApplicationShutdownHook] o.s.m.s.b.SimpleBrokerMessageHandler     : BrokerAvailabilityEvent[available=false, SimpleBrokerMessageHandler [org.springframework.messaging.simp.broker.DefaultSubscriptionRegistry@45e93858]]
2025-12-21T21:51:46.658+03:00  INFO 35083 --- [IT_market] [SpringApplicationShutdownHook] o.s.m.s.b.SimpleBrokerMessageHandler     : Stopped.
2025-12-21T21:51:51.870+03:00  INFO 35083 --- [IT_market] [SpringApplicationShutdownHook] j.LocalContainerEntityManagerFactoryBean : Closing JPA EntityManagerFactory for persistence unit 'default'
2025-12-21T21:51:51.897+03:00  INFO 35083 --- [IT_market] [SpringApplicationShutdownHook] com.zaxxer.hikari.HikariDataSource       : HikariPool-1 - Shutdown initiated...
2025-12-21T21:51:51.965+03:00  INFO 35083 --- [IT_market] [SpringApplicationShutdownHook] com.zaxxer.hikari.HikariDataSource       : HikariPool-1 - Shutdown completed.
2025-12-21T21:54:51.874+03:00  INFO 37473 --- [IT_market] [restartedMain] com.IT_market.ItMarketApplication        : Starting ItMarketApplication using Java 21.0.9-ea with PID 37473 (/home/nalwoga/Downloads/IT_market/target/classes started by nalwoga in /home/nalwoga/Downloads/IT_market)
2025-12-21T21:54:51.877+03:00 DEBUG 37473 --- [IT_market] [restartedMain] com.IT_market.ItMarketApplication        : Running with Spring Boot v3.4.3, Spring v6.2.3
2025-12-21T21:54:51.880+03:00  INFO 37473 --- [IT_market] [restartedMain] com.IT_market.ItMarketApplication        : No active profile set, falling back to 1 default profile: "default"
2025-12-21T21:55:03.187+03:00  INFO 37473 --- [IT_market] [restartedMain] .e.DevToolsPropertyDefaultsPostProcessor : Devtools property defaults active! Set 'spring.devtools.add-properties' to 'false' to disable
2025-12-21T21:55:03.189+03:00  INFO 37473 --- [IT_market] [restartedMain] .e.DevToolsPropertyDefaultsPostProcessor : For additional web related logging consider setting the 'logging.level.web' property to 'DEBUG'
2025-12-21T21:55:49.908+03:00  INFO 37473 --- [IT_market] [restartedMain] .s.d.r.c.RepositoryConfigurationDelegate : Multiple Spring Data modules found, entering strict repository configuration mode
2025-12-21T21:55:49.913+03:00  INFO 37473 --- [IT_market] [restartedMain] .s.d.r.c.RepositoryConfigurationDelegate : Bootstrapping Spring Data JPA repositories in DEFAULT mode.
2025-12-21T21:55:50.640+03:00  INFO 37473 --- [IT_market] [restartedMain] .s.d.r.c.RepositoryConfigurationDelegate : Finished Spring Data repository scanning in 702 ms. Found 7 JPA repository interfaces.
2025-12-21T21:55:50.684+03:00  INFO 37473 --- [IT_market] [restartedMain] .s.d.r.c.RepositoryConfigurationDelegate : Multiple Spring Data modules found, entering strict repository configuration mode
2025-12-21T21:55:50.686+03:00  INFO 37473 --- [IT_market] [restartedMain] .s.d.r.c.RepositoryConfigurationDelegate : Bootstrapping Spring Data Redis repositories in DEFAULT mode.
2025-12-21T21:55:50.719+03:00  INFO 37473 --- [IT_market] [restartedMain] .RepositoryConfigurationExtensionSupport : Spring Data Redis - Could not safely identify store assignment for repository candidate interface com.IT_market.repository.NotificationRepository; If you want this repository to be a Redis repository, consider annotating your entities with one of these annotations: org.springframework.data.redis.core.RedisHash (preferred), or consider extending one of the following types with your repository: org.springframework.data.keyvalue.repository.KeyValueRepository
2025-12-21T21:55:50.721+03:00  INFO 37473 --- [IT_market] [restartedMain] .RepositoryConfigurationExtensionSupport : Spring Data Redis - Could not safely identify store assignment for repository candidate interface com.IT_market.repository.OrderItemRepository; If you want this repository to be a Redis repository, consider annotating your entities with one of these annotations: org.springframework.data.redis.core.RedisHash (preferred), or consider extending one of the following types with your repository: org.springframework.data.keyvalue.repository.KeyValueRepository
2025-12-21T21:55:50.722+03:00  INFO 37473 --- [IT_market] [restartedMain] .RepositoryConfigurationExtensionSupport : Spring Data Redis - Could not safely identify store assignment for repository candidate interface com.IT_market.repository.OrderRepository; If you want this repository to be a Redis repository, consider annotating your entities with one of these annotations: org.springframework.data.redis.core.RedisHash (preferred), or consider extending one of the following types with your repository: org.springframework.data.keyvalue.repository.KeyValueRepository
2025-12-21T21:55:50.723+03:00  INFO 37473 --- [IT_market] [restartedMain] .RepositoryConfigurationExtensionSupport : Spring Data Redis - Could not safely identify store assignment for repository candidate interface com.IT_market.repository.ProductRepository; If you want this repository to be a Redis repository, consider annotating your entities with one of these annotations: org.springframework.data.redis.core.RedisHash (preferred), or consider extending one of the following types with your repository: org.springframework.data.keyvalue.repository.KeyValueRepository
2025-12-21T21:55:50.725+03:00  INFO 37473 --- [IT_market] [restartedMain] .RepositoryConfigurationExtensionSupport : Spring Data Redis - Could not safely identify store assignment for repository candidate interface com.IT_market.repository.RoleRepository; If you want this repository to be a Redis repository, consider annotating your entities with one of these annotations: org.springframework.data.redis.core.RedisHash (preferred), or consider extending one of the following types with your repository: org.springframework.data.keyvalue.repository.KeyValueRepository
2025-12-21T21:55:50.726+03:00  INFO 37473 --- [IT_market] [restartedMain] .RepositoryConfigurationExtensionSupport : Spring Data Redis - Could not safely identify store assignment for repository candidate interface com.IT_market.repository.SellRequestRepository; If you want this repository to be a Redis repository, consider annotating your entities with one of these annotations: org.springframework.data.redis.core.RedisHash (preferred), or consider extending one of the following types with your repository: org.springframework.data.keyvalue.repository.KeyValueRepository
2025-12-21T21:55:50.729+03:00  INFO 37473 --- [IT_market] [restartedMain] .RepositoryConfigurationExtensionSupport : Spring Data Redis - Could not safely identify store assignment for repository candidate interface com.IT_market.repository.UserRepository; If you want this repository to be a Redis repository, consider annotating your entities with one of these annotations: org.springframework.data.redis.core.RedisHash (preferred), or consider extending one of the following types with your repository: org.springframework.data.keyvalue.repository.KeyValueRepository
2025-12-21T21:55:50.730+03:00  INFO 37473 --- [IT_market] [restartedMain] .s.d.r.c.RepositoryConfigurationDelegate : Finished Spring Data repository scanning in 24 ms. Found 0 Redis repository interfaces.
2025-12-21T21:55:57.164+03:00  INFO 37473 --- [IT_market] [restartedMain] o.s.b.w.embedded.tomcat.TomcatWebServer  : Tomcat initialized with port 8080 (http)
2025-12-21T21:55:57.395+03:00  INFO 37473 --- [IT_market] [restartedMain] o.apache.catalina.core.StandardService   : Starting service [Tomcat]
2025-12-21T21:55:57.399+03:00  INFO 37473 --- [IT_market] [restartedMain] o.apache.catalina.core.StandardEngine    : Starting Servlet engine: [Apache Tomcat/10.1.36]
2025-12-21T21:55:57.475+03:00  INFO 37473 --- [IT_market] [restartedMain] o.a.c.c.C.[Tomcat].[localhost].[/]       : Initializing Spring embedded WebApplicationContext
2025-12-21T21:55:57.476+03:00  INFO 37473 --- [IT_market] [restartedMain] w.s.c.ServletWebServerApplicationContext : Root WebApplicationContext: initialization completed in 54282 ms
2025-12-21T21:55:58.369+03:00  INFO 37473 --- [IT_market] [restartedMain] o.hibernate.jpa.internal.util.LogHelper  : HHH000204: Processing PersistenceUnitInfo [name: default]
2025-12-21T21:55:58.503+03:00  INFO 37473 --- [IT_market] [restartedMain] org.hibernate.Version                    : HHH000412: Hibernate ORM core version 6.6.8.Final
2025-12-21T21:55:58.605+03:00  INFO 37473 --- [IT_market] [restartedMain] o.h.c.internal.RegionFactoryInitiator    : HHH000026: Second-level cache disabled
2025-12-21T21:55:59.102+03:00  INFO 37473 --- [IT_market] [restartedMain] o.s.o.j.p.SpringPersistenceUnitInfo      : No LoadTimeWeaver setup: ignoring JPA class transformer
2025-12-21T21:55:59.154+03:00  INFO 37473 --- [IT_market] [restartedMain] com.zaxxer.hikari.HikariDataSource       : HikariPool-1 - Starting...
2025-12-21T21:56:16.856+03:00  INFO 37473 --- [IT_market] [restartedMain] com.zaxxer.hikari.pool.HikariPool        : HikariPool-1 - Added connection org.postgresql.jdbc.PgConnection@24fb78b8
2025-12-21T21:56:16.866+03:00  INFO 37473 --- [IT_market] [restartedMain] com.zaxxer.hikari.HikariDataSource       : HikariPool-1 - Start completed.
2025-12-21T21:56:17.619+03:00  WARN 37473 --- [IT_market] [restartedMain] org.hibernate.orm.deprecation            : HHH90000025: PostgreSQLDialect does not need to be specified explicitly using 'hibernate.dialect' (remove the property setting and it will be selected by default)
2025-12-21T21:56:18.711+03:00  INFO 37473 --- [IT_market] [restartedMain] org.hibernate.orm.connections.pooling    : HHH10001005: Database info:
	Database JDBC URL [Connecting through datasource 'HikariDataSource (HikariPool-1)']
	Database driver: undefined/unknown
	Database version: 17.7
	Autocommit mode: undefined/unknown
	Isolation level: undefined/unknown
	Minimum pool size: undefined/unknown
	Maximum pool size: undefined/unknown
2025-12-21T21:56:40.274+03:00  INFO 37473 --- [IT_market] [restartedMain] o.h.e.t.j.p.i.JtaPlatformInitiator       : HHH000489: No JTA platform available (set 'hibernate.transaction.jta.platform' to enable JTA platform integration)
2025-12-21T21:56:55.684+03:00  INFO 37473 --- [IT_market] [restartedMain] j.LocalContainerEntityManagerFactoryBean : Initialized JPA EntityManagerFactory for persistence unit 'default'
2025-12-21T21:57:02.853+03:00  INFO 37473 --- [IT_market] [restartedMain] o.s.d.j.r.query.QueryEnhancerFactory     : Hibernate is in classpath; If applicable, HQL parser will be used.
2025-12-21T21:58:51.862+03:00  INFO 37473 --- [IT_market] [restartedMain] o.s.b.a.w.s.WelcomePageHandlerMapping    : Adding welcome page template: index
2025-12-21T21:59:25.279+03:00  INFO 37473 --- [IT_market] [restartedMain] o.s.b.d.a.OptionalLiveReloadServer       : LiveReload server is running on port 35729
2025-12-21T21:59:28.631+03:00  INFO 37473 --- [IT_market] [restartedMain] o.s.b.a.e.web.EndpointLinksResolver      : Exposing 1 endpoint beneath base path '/actuator'
2025-12-21T21:59:39.968+03:00  INFO 37473 --- [IT_market] [restartedMain] o.s.m.s.b.SimpleBrokerMessageHandler     : Starting...
2025-12-21T21:59:39.969+03:00  INFO 37473 --- [IT_market] [restartedMain] o.s.m.s.b.SimpleBrokerMessageHandler     : BrokerAvailabilityEvent[available=true, SimpleBrokerMessageHandler [org.springframework.messaging.simp.broker.DefaultSubscriptionRegistry@74ac9e13]]
2025-12-21T21:59:39.971+03:00  INFO 37473 --- [IT_market] [restartedMain] o.s.m.s.b.SimpleBrokerMessageHandler     : Started.
2025-12-21T21:59:40.160+03:00  INFO 37473 --- [IT_market] [restartedMain] o.s.b.w.embedded.tomcat.TomcatWebServer  : Tomcat started on port 8080 (http) with context path '/'
2025-12-21T21:59:40.207+03:00  INFO 37473 --- [IT_market] [restartedMain] com.IT_market.ItMarketApplication        : Started ItMarketApplication in 309.531 seconds (process running for 343.006)
2025-12-21T22:00:38.243+03:00  INFO 37473 --- [IT_market] [MessageBroker-1] o.s.w.s.c.WebSocketMessageBrokerStats    : WebSocketSession[0 current WS(0)-HttpStream(0)-HttpPoll(0), 0 total, 0 closed abnormally (0 connect failure, 0 send limit, 0 transport error)], stompSubProtocol[processed CONNECT(0)-CONNECTED(0)-DISCONNECT(0)], stompBrokerRelay[null], inboundChannel[pool size = 0, active threads = 0, queued tasks = 0, completed tasks = 0], outboundChannel[pool size = 0, active threads = 0, queued tasks = 0, completed tasks = 0], sockJsScheduler[pool size = 1, active threads = 1, queued tasks = 0, completed tasks = 0]
2025-12-21T22:01:41.751+03:00  INFO 37473 --- [IT_market] [http-nio-0.0.0.0-8080-exec-1] o.a.c.c.C.[Tomcat].[localhost].[/]       : Initializing Spring DispatcherServlet 'dispatcherServlet'
2025-12-21T22:01:41.754+03:00  INFO 37473 --- [IT_market] [http-nio-0.0.0.0-8080-exec-1] o.s.web.servlet.DispatcherServlet        : Initializing Servlet 'dispatcherServlet'
2025-12-21T22:01:41.763+03:00  INFO 37473 --- [IT_market] [http-nio-0.0.0.0-8080-exec-1] o.s.web.servlet.DispatcherServlet        : Completed initialization in 7 ms
2025-12-21T22:01:42.857+03:00  WARN 37473 --- [IT_market] [http-nio-0.0.0.0-8080-exec-1] o.a.c.util.SessionIdGeneratorBase        : Creation of SecureRandom instance for session ID generation using [SHA1PRNG] took [112] milliseconds.
2025-12-21T22:02:58.154+03:00  WARN 37473 --- [IT_market] [http-nio-0.0.0.0-8080-exec-3] com.zaxxer.hikari.pool.PoolBase          : HikariPool-1 - Failed to validate connection org.postgresql.jdbc.PgConnection@24fb78b8 (This connection has been closed.). Possibly consider using a shorter maxLifetime value.
2025-12-21T22:02:58.157+03:00  WARN 37473 --- [IT_market] [http-nio-0.0.0.0-8080-exec-3] com.zaxxer.hikari.pool.PoolBase          : HikariPool-1 - Failed to validate connection org.postgresql.jdbc.PgConnection@26ea4c32 (This connection has been closed.). Possibly consider using a shorter maxLifetime value.
2025-12-21T22:02:58.161+03:00  WARN 37473 --- [IT_market] [http-nio-0.0.0.0-8080-exec-3] com.zaxxer.hikari.pool.PoolBase          : HikariPool-1 - Failed to validate connection org.postgresql.jdbc.PgConnection@6314b1aa (This connection has been closed.). Possibly consider using a shorter maxLifetime value.
2025-12-21T22:02:58.164+03:00  WARN 37473 --- [IT_market] [http-nio-0.0.0.0-8080-exec-3] com.zaxxer.hikari.pool.PoolBase          : HikariPool-1 - Failed to validate connection org.postgresql.jdbc.PgConnection@6b9f1ccf (This connection has been closed.). Possibly consider using a shorter maxLifetime value.
2025-12-21T22:02:58.166+03:00  WARN 37473 --- [IT_market] [http-nio-0.0.0.0-8080-exec-3] com.zaxxer.hikari.pool.PoolBase          : HikariPool-1 - Failed to validate connection org.postgresql.jdbc.PgConnection@7836a326 (This connection has been closed.). Possibly consider using a shorter maxLifetime value.
2025-12-21T22:02:58.168+03:00  WARN 37473 --- [IT_market] [http-nio-0.0.0.0-8080-exec-3] com.zaxxer.hikari.pool.PoolBase          : HikariPool-1 - Failed to validate connection org.postgresql.jdbc.PgConnection@cc9fbce (This connection has been closed.). Possibly consider using a shorter maxLifetime value.
2025-12-21T22:02:58.169+03:00  WARN 37473 --- [IT_market] [http-nio-0.0.0.0-8080-exec-3] com.zaxxer.hikari.pool.PoolBase          : HikariPool-1 - Failed to validate connection org.postgresql.jdbc.PgConnection@4a96821c (This connection has been closed.). Possibly consider using a shorter maxLifetime value.
2025-12-21T22:02:58.172+03:00  WARN 37473 --- [IT_market] [http-nio-0.0.0.0-8080-exec-3] com.zaxxer.hikari.pool.PoolBase          : HikariPool-1 - Failed to validate connection org.postgresql.jdbc.PgConnection@597c86e5 (This connection has been closed.). Possibly consider using a shorter maxLifetime value.
2025-12-21T22:02:58.174+03:00  WARN 37473 --- [IT_market] [http-nio-0.0.0.0-8080-exec-3] com.zaxxer.hikari.pool.PoolBase          : HikariPool-1 - Failed to validate connection org.postgresql.jdbc.PgConnection@149e317f (This connection has been closed.). Possibly consider using a shorter maxLifetime value.
2025-12-21T22:02:58.176+03:00  WARN 37473 --- [IT_market] [http-nio-0.0.0.0-8080-exec-3] com.zaxxer.hikari.pool.PoolBase          : HikariPool-1 - Failed to validate connection org.postgresql.jdbc.PgConnection@57cabfa9 (This connection has been closed.). Possibly consider using a shorter maxLifetime value.
2025-12-21T22:03:02.779+03:00 DEBUG 37473 --- [IT_market] [http-nio-0.0.0.0-8080-exec-3] org.hibernate.SQL                        : 
    select
        u1_0.id 
    from
        users u1_0 
    where
        u1_0.username=? 
    fetch
        first ? rows only
2025-12-21T22:03:03.374+03:00 DEBUG 37473 --- [IT_market] [http-nio-0.0.0.0-8080-exec-3] org.hibernate.SQL                        : 
    select
        u1_0.id 
    from
        users u1_0 
    where
        u1_0.email=? 
    fetch
        first ? rows only
2025-12-21T22:03:03.892+03:00 DEBUG 37473 --- [IT_market] [http-nio-0.0.0.0-8080-exec-3] org.hibernate.SQL                        : 
    select
        r1_0.id,
        r1_0.name 
    from
        roles r1_0 
    where
        r1_0.name=?
2025-12-21T22:03:04.393+03:00 DEBUG 37473 --- [IT_market] [http-nio-0.0.0.0-8080-exec-3] org.hibernate.SQL                        : 
    insert 
    into
        roles
        (name) 
    values
        (?)
2025-12-21T22:03:04.894+03:00 DEBUG 37473 --- [IT_market] [http-nio-0.0.0.0-8080-exec-3] org.hibernate.SQL                        : 
    insert 
    into
        users
        (business_account, business_address, business_type, company_name, created_at, email, enabled, first_name, full_name, last_login, last_name, password, phone_number, role, seller_type, tax_id, updated_at, username, verified) 
    values
        (?, ?, ?, ?, ?, ?, ?, ?, ?, ?, ?, ?, ?, ?, ?, ?, ?, ?, ?)
2025-12-21T22:03:08.995+03:00 DEBUG 37473 --- [IT_market] [http-nio-0.0.0.0-8080-exec-3] org.hibernate.SQL                        : 
    insert 
    into
        user_roles
        (user_id, role_id) 
    values
        (?, ?)
2025-12-21T22:03:09.726+03:00 DEBUG 37473 --- [IT_market] [http-nio-0.0.0.0-8080-exec-5] org.hibernate.SQL                        : 
    select
        u1_0.id,
        u1_0.business_account,
        u1_0.business_address,
        u1_0.business_type,
        u1_0.company_name,
        u1_0.created_at,
        u1_0.email,
        u1_0.enabled,
        u1_0.first_name,
        u1_0.full_name,
        u1_0.last_login,
        u1_0.last_name,
        u1_0.password,
        u1_0.phone_number,
        u1_0.role,
        u1_0.seller_type,
        u1_0.tax_id,
        u1_0.updated_at,
        u1_0.username,
        u1_0.verified 
    from
        users u1_0 
    where
        u1_0.username=?
2025-12-21T22:03:11.385+03:00 DEBUG 37473 --- [IT_market] [http-nio-0.0.0.0-8080-exec-5] org.hibernate.SQL                        : 
    select
        r1_0.user_id,
        r1_1.id,
        r1_1.name 
    from
        user_roles r1_0 
    join
        roles r1_1 
            on r1_1.id=r1_0.role_id 
    where
        r1_0.user_id=?
2025-12-21T22:03:12.656+03:00 DEBUG 37473 --- [IT_market] [http-nio-0.0.0.0-8080-exec-5] org.hibernate.SQL                        : 
    update
        users 
    set
        business_account=?,
        business_address=?,
        business_type=?,
        company_name=?,
        created_at=?,
        email=?,
        enabled=?,
        first_name=?,
        full_name=?,
        last_login=?,
        last_name=?,
        password=?,
        phone_number=?,
        role=?,
        seller_type=?,
        tax_id=?,
        updated_at=?,
        username=?,
        verified=? 
    where
        id=?
2025-12-21T22:04:27.160+03:00 DEBUG 37473 --- [IT_market] [http-nio-0.0.0.0-8080-exec-7] org.hibernate.SQL                        : 
    select
        u1_0.id 
    from
        users u1_0 
    where
        u1_0.username=? 
    fetch
        first ? rows only
2025-12-21T22:04:27.445+03:00 DEBUG 37473 --- [IT_market] [http-nio-0.0.0.0-8080-exec-7] org.hibernate.SQL                        : 
    select
        u1_0.id 
    from
        users u1_0 
    where
        u1_0.email=? 
    fetch
        first ? rows only
2025-12-21T22:04:27.852+03:00 DEBUG 37473 --- [IT_market] [http-nio-0.0.0.0-8080-exec-7] org.hibernate.SQL                        : 
    select
        r1_0.id,
        r1_0.name 
    from
        roles r1_0 
    where
        r1_0.name=?
2025-12-21T22:04:28.137+03:00 DEBUG 37473 --- [IT_market] [http-nio-0.0.0.0-8080-exec-7] org.hibernate.SQL                        : 
    insert 
    into
        users
        (business_account, business_address, business_type, company_name, created_at, email, enabled, first_name, full_name, last_login, last_name, password, phone_number, role, seller_type, tax_id, updated_at, username, verified) 
    values
        (?, ?, ?, ?, ?, ?, ?, ?, ?, ?, ?, ?, ?, ?, ?, ?, ?, ?, ?)
2025-12-21T22:04:28.423+03:00 DEBUG 37473 --- [IT_market] [http-nio-0.0.0.0-8080-exec-7] org.hibernate.SQL                        : 
    insert 
    into
        user_roles
        (user_id, role_id) 
    values
        (?, ?)
2025-12-21T22:04:29.038+03:00 DEBUG 37473 --- [IT_market] [http-nio-0.0.0.0-8080-exec-9] org.hibernate.SQL                        : 
    select
        u1_0.id,
        u1_0.business_account,
        u1_0.business_address,
        u1_0.business_type,
        u1_0.company_name,
        u1_0.created_at,
        u1_0.email,
        u1_0.enabled,
        u1_0.first_name,
        u1_0.full_name,
        u1_0.last_login,
        u1_0.last_name,
        u1_0.password,
        u1_0.phone_number,
        u1_0.role,
        u1_0.seller_type,
        u1_0.tax_id,
        u1_0.updated_at,
        u1_0.username,
        u1_0.verified 
    from
        users u1_0 
    where
        u1_0.username=?
2025-12-21T22:04:29.315+03:00 DEBUG 37473 --- [IT_market] [http-nio-0.0.0.0-8080-exec-9] org.hibernate.SQL                        : 
    select
        r1_0.user_id,
        r1_1.id,
        r1_1.name 
    from
        user_roles r1_0 
    join
        roles r1_1 
            on r1_1.id=r1_0.role_id 
    where
        r1_0.user_id=?
2025-12-21T22:04:29.708+03:00 DEBUG 37473 --- [IT_market] [http-nio-0.0.0.0-8080-exec-9] org.hibernate.SQL                        : 
    update
        users 
    set
        business_account=?,
        business_address=?,
        business_type=?,
        company_name=?,
        created_at=?,
        email=?,
        enabled=?,
        first_name=?,
        full_name=?,
        last_login=?,
        last_name=?,
        password=?,
        phone_number=?,
        role=?,
        seller_type=?,
        tax_id=?,
        updated_at=?,
        username=?,
        verified=? 
    where
        id=?
2025-12-21T22:05:55.824+03:00 DEBUG 37473 --- [IT_market] [http-nio-0.0.0.0-8080-exec-1] org.hibernate.SQL                        : 
    select
        u1_0.id,
        u1_0.business_account,
        u1_0.business_address,
        u1_0.business_type,
        u1_0.company_name,
        u1_0.created_at,
        u1_0.email,
        u1_0.enabled,
        u1_0.first_name,
        u1_0.full_name,
        u1_0.last_login,
        u1_0.last_name,
        u1_0.password,
        u1_0.phone_number,
        u1_0.role,
        u1_0.seller_type,
        u1_0.tax_id,
        u1_0.updated_at,
        u1_0.username,
        u1_0.verified 
    from
        users u1_0 
    where
        u1_0.username=?
2025-12-21T22:05:55.888+03:00 DEBUG 37473 --- [IT_market] [http-nio-0.0.0.0-8080-exec-2] org.hibernate.SQL                        : 
    select
        u1_0.id,
        u1_0.business_account,
        u1_0.business_address,
        u1_0.business_type,
        u1_0.company_name,
        u1_0.created_at,
        u1_0.email,
        u1_0.enabled,
        u1_0.first_name,
        u1_0.full_name,
        u1_0.last_login,
        u1_0.last_name,
        u1_0.password,
        u1_0.phone_number,
        u1_0.role,
        u1_0.seller_type,
        u1_0.tax_id,
        u1_0.updated_at,
        u1_0.username,
        u1_0.verified 
    from
        users u1_0 
    where
        u1_0.username=?
2025-12-21T22:05:56.164+03:00 DEBUG 37473 --- [IT_market] [http-nio-0.0.0.0-8080-exec-2] org.hibernate.SQL                        : 
    select
        r1_0.user_id,
        r1_1.id,
        r1_1.name 
    from
        user_roles r1_0 
    join
        roles r1_1 
            on r1_1.id=r1_0.role_id 
    where
        r1_0.user_id=?
2025-12-21T22:05:56.392+03:00 DEBUG 37473 --- [IT_market] [http-nio-0.0.0.0-8080-exec-1] org.hibernate.SQL                        : 
    select
        r1_0.user_id,
        r1_1.id,
        r1_1.name 
    from
        user_roles r1_0 
    join
        roles r1_1 
            on r1_1.id=r1_0.role_id 
    where
        r1_0.user_id=?
2025-12-21T22:15:29.943+03:00  INFO 37473 --- [IT_market] [File Watcher] rtingClassPathChangeChangedEventListener : Restarting due to 65 class path changes (0 additions, 65 deletions, 0 modifications)
2025-12-21T22:15:30.544+03:00  INFO 37473 --- [IT_market] [Thread-5] o.s.b.w.e.tomcat.GracefulShutdown        : Commencing graceful shutdown. Waiting for active requests to complete
2025-12-21T22:15:30.548+03:00  INFO 37473 --- [IT_market] [tomcat-shutdown] o.s.b.w.e.tomcat.GracefulShutdown        : Graceful shutdown complete
2025-12-21T22:15:30.787+03:00  INFO 37473 --- [IT_market] [Thread-5] o.s.m.s.b.SimpleBrokerMessageHandler     : Stopping...
2025-12-21T22:15:30.791+03:00  INFO 37473 --- [IT_market] [Thread-5] o.s.m.s.b.SimpleBrokerMessageHandler     : BrokerAvailabilityEvent[available=false, SimpleBrokerMessageHandler [org.springframework.messaging.simp.broker.DefaultSubscriptionRegistry@74ac9e13]]
2025-12-21T22:15:30.794+03:00  INFO 37473 --- [IT_market] [Thread-5] o.s.m.s.b.SimpleBrokerMessageHandler     : Stopped.
2025-12-21T22:15:34.472+03:00  INFO 37473 --- [IT_market] [Thread-5] j.LocalContainerEntityManagerFactoryBean : Closing JPA EntityManagerFactory for persistence unit 'default'
2025-12-21T22:15:35.309+03:00  INFO 37473 --- [IT_market] [Thread-5] com.zaxxer.hikari.HikariDataSource       : HikariPool-1 - Shutdown initiated...
2025-12-21T22:15:35.321+03:00  INFO 37473 --- [IT_market] [Thread-5] com.zaxxer.hikari.HikariDataSource       : HikariPool-1 - Shutdown completed.
2025-12-21T22:22:16.056+03:00  INFO 37473 --- [IT_market] [restartedMain] com.IT_market.ItMarketApplication        : Starting ItMarketApplication using Java 21.0.9-ea with PID 37473 (/home/nalwoga/Downloads/IT_market/target/classes started by nalwoga in /home/nalwoga/Downloads/IT_market)
2025-12-21T22:22:16.057+03:00 DEBUG 37473 --- [IT_market] [restartedMain] com.IT_market.ItMarketApplication        : Running with Spring Boot v3.4.3, Spring v6.2.3
2025-12-21T22:22:16.058+03:00  INFO 37473 --- [IT_market] [restartedMain] com.IT_market.ItMarketApplication        : No active profile set, falling back to 1 default profile: "default"
2025-12-21T22:22:17.458+03:00  INFO 37473 --- [IT_market] [restartedMain] .s.d.r.c.RepositoryConfigurationDelegate : Multiple Spring Data modules found, entering strict repository configuration mode
2025-12-21T22:22:17.459+03:00  INFO 37473 --- [IT_market] [restartedMain] .s.d.r.c.RepositoryConfigurationDelegate : Bootstrapping Spring Data JPA repositories in DEFAULT mode.
2025-12-21T22:22:17.660+03:00  INFO 37473 --- [IT_market] [restartedMain] .s.d.r.c.RepositoryConfigurationDelegate : Finished Spring Data repository scanning in 200 ms. Found 7 JPA repository interfaces.
2025-12-21T22:22:17.664+03:00  INFO 37473 --- [IT_market] [restartedMain] .s.d.r.c.RepositoryConfigurationDelegate : Multiple Spring Data modules found, entering strict repository configuration mode
2025-12-21T22:22:17.664+03:00  INFO 37473 --- [IT_market] [restartedMain] .s.d.r.c.RepositoryConfigurationDelegate : Bootstrapping Spring Data Redis repositories in DEFAULT mode.
2025-12-21T22:22:17.669+03:00  INFO 37473 --- [IT_market] [restartedMain] .RepositoryConfigurationExtensionSupport : Spring Data Redis - Could not safely identify store assignment for repository candidate interface com.IT_market.repository.NotificationRepository; If you want this repository to be a Redis repository, consider annotating your entities with one of these annotations: org.springframework.data.redis.core.RedisHash (preferred), or consider extending one of the following types with your repository: org.springframework.data.keyvalue.repository.KeyValueRepository
2025-12-21T22:22:17.669+03:00  INFO 37473 --- [IT_market] [restartedMain] .RepositoryConfigurationExtensionSupport : Spring Data Redis - Could not safely identify store assignment for repository candidate interface com.IT_market.repository.OrderItemRepository; If you want this repository to be a Redis repository, consider annotating your entities with one of these annotations: org.springframework.data.redis.core.RedisHash (preferred), or consider extending one of the following types with your repository: org.springframework.data.keyvalue.repository.KeyValueRepository
2025-12-21T22:22:17.671+03:00  INFO 37473 --- [IT_market] [restartedMain] .RepositoryConfigurationExtensionSupport : Spring Data Redis - Could not safely identify store assignment for repository candidate interface com.IT_market.repository.OrderRepository; If you want this repository to be a Redis repository, consider annotating your entities with one of these annotations: org.springframework.data.redis.core.RedisHash (preferred), or consider extending one of the following types with your repository: org.springframework.data.keyvalue.repository.KeyValueRepository
2025-12-21T22:22:17.673+03:00  INFO 37473 --- [IT_market] [restartedMain] .RepositoryConfigurationExtensionSupport : Spring Data Redis - Could not safely identify store assignment for repository candidate interface com.IT_market.repository.ProductRepository; If you want this repository to be a Redis repository, consider annotating your entities with one of these annotations: org.springframework.data.redis.core.RedisHash (preferred), or consider extending one of the following types with your repository: org.springframework.data.keyvalue.repository.KeyValueRepository
2025-12-21T22:22:17.673+03:00  INFO 37473 --- [IT_market] [restartedMain] .RepositoryConfigurationExtensionSupport : Spring Data Redis - Could not safely identify store assignment for repository candidate interface com.IT_market.repository.RoleRepository; If you want this repository to be a Redis repository, consider annotating your entities with one of these annotations: org.springframework.data.redis.core.RedisHash (preferred), or consider extending one of the following types with your repository: org.springframework.data.keyvalue.repository.KeyValueRepository
2025-12-21T22:22:17.673+03:00  INFO 37473 --- [IT_market] [restartedMain] .RepositoryConfigurationExtensionSupport : Spring Data Redis - Could not safely identify store assignment for repository candidate interface com.IT_market.repository.SellRequestRepository; If you want this repository to be a Redis repository, consider annotating your entities with one of these annotations: org.springframework.data.redis.core.RedisHash (preferred), or consider extending one of the following types with your repository: org.springframework.data.keyvalue.repository.KeyValueRepository
2025-12-21T22:22:17.675+03:00  INFO 37473 --- [IT_market] [restartedMain] .RepositoryConfigurationExtensionSupport : Spring Data Redis - Could not safely identify store assignment for repository candidate interface com.IT_market.repository.UserRepository; If you want this repository to be a Redis repository, consider annotating your entities with one of these annotations: org.springframework.data.redis.core.RedisHash (preferred), or consider extending one of the following types with your repository: org.springframework.data.keyvalue.repository.KeyValueRepository
2025-12-21T22:22:17.675+03:00  INFO 37473 --- [IT_market] [restartedMain] .s.d.r.c.RepositoryConfigurationDelegate : Finished Spring Data repository scanning in 9 ms. Found 0 Redis repository interfaces.
2025-12-21T22:22:17.909+03:00  INFO 37473 --- [IT_market] [restartedMain] o.s.b.w.embedded.tomcat.TomcatWebServer  : Tomcat initialized with port 8080 (http)
2025-12-21T22:22:17.910+03:00  INFO 37473 --- [IT_market] [restartedMain] o.apache.catalina.core.StandardService   : Starting service [Tomcat]
2025-12-21T22:22:17.911+03:00  INFO 37473 --- [IT_market] [restartedMain] o.apache.catalina.core.StandardEngine    : Starting Servlet engine: [Apache Tomcat/10.1.36]
2025-12-21T22:22:17.973+03:00  INFO 37473 --- [IT_market] [restartedMain] o.a.c.c.C.[Tomcat-8].[localhost].[/]     : Initializing Spring embedded WebApplicationContext
2025-12-21T22:22:17.974+03:00  INFO 37473 --- [IT_market] [restartedMain] w.s.c.ServletWebServerApplicationContext : Root WebApplicationContext: initialization completed in 1913 ms
2025-12-21T22:22:20.457+03:00  INFO 37473 --- [IT_market] [restartedMain] o.hibernate.jpa.internal.util.LogHelper  : HHH000204: Processing PersistenceUnitInfo [name: default]
2025-12-21T22:22:20.464+03:00  INFO 37473 --- [IT_market] [restartedMain] o.h.c.internal.RegionFactoryInitiator    : HHH000026: Second-level cache disabled
2025-12-21T22:22:20.971+03:00  INFO 37473 --- [IT_market] [restartedMain] o.s.o.j.p.SpringPersistenceUnitInfo      : No LoadTimeWeaver setup: ignoring JPA class transformer
2025-12-21T22:22:20.972+03:00  INFO 37473 --- [IT_market] [restartedMain] com.zaxxer.hikari.HikariDataSource       : HikariPool-2 - Starting...
2025-12-21T22:22:27.325+03:00  INFO 37473 --- [IT_market] [restartedMain] com.zaxxer.hikari.pool.HikariPool        : HikariPool-2 - Added connection org.postgresql.jdbc.PgConnection@6641245e
2025-12-21T22:22:27.326+03:00  INFO 37473 --- [IT_market] [restartedMain] com.zaxxer.hikari.HikariDataSource       : HikariPool-2 - Start completed.
2025-12-21T22:22:27.640+03:00  WARN 37473 --- [IT_market] [restartedMain] org.hibernate.orm.deprecation            : HHH90000025: PostgreSQLDialect does not need to be specified explicitly using 'hibernate.dialect' (remove the property setting and it will be selected by default)
2025-12-21T22:22:28.207+03:00  INFO 37473 --- [IT_market] [restartedMain] org.hibernate.orm.connections.pooling    : HHH10001005: Database info:
	Database JDBC URL [Connecting through datasource 'HikariDataSource (HikariPool-2)']
	Database driver: undefined/unknown
	Database version: 17.7
	Autocommit mode: undefined/unknown
	Isolation level: undefined/unknown
	Minimum pool size: undefined/unknown
	Maximum pool size: undefined/unknown
2025-12-21T22:22:28.796+03:00  INFO 37473 --- [IT_market] [restartedMain] o.h.e.t.j.p.i.JtaPlatformInitiator       : HHH000489: No JTA platform available (set 'hibernate.transaction.jta.platform' to enable JTA platform integration)
2025-12-21T22:22:43.417+03:00  INFO 37473 --- [IT_market] [restartedMain] j.LocalContainerEntityManagerFactoryBean : Initialized JPA EntityManagerFactory for persistence unit 'default'
2025-12-21T22:22:45.499+03:00  INFO 37473 --- [IT_market] [restartedMain] o.s.b.a.w.s.WelcomePageHandlerMapping    : Adding welcome page template: index
2025-12-21T22:22:47.226+03:00  INFO 37473 --- [IT_market] [restartedMain] o.s.b.d.a.OptionalLiveReloadServer       : LiveReload server is running on port 35729
2025-12-21T22:22:47.236+03:00  INFO 37473 --- [IT_market] [restartedMain] o.s.b.a.e.web.EndpointLinksResolver      : Exposing 1 endpoint beneath base path '/actuator'
2025-12-21T22:22:47.295+03:00  INFO 37473 --- [IT_market] [restartedMain] o.s.m.s.b.SimpleBrokerMessageHandler     : Starting...
2025-12-21T22:22:47.295+03:00  INFO 37473 --- [IT_market] [restartedMain] o.s.m.s.b.SimpleBrokerMessageHandler     : BrokerAvailabilityEvent[available=true, SimpleBrokerMessageHandler [org.springframework.messaging.simp.broker.DefaultSubscriptionRegistry@8e4d348]]
2025-12-21T22:22:47.296+03:00  INFO 37473 --- [IT_market] [restartedMain] o.s.m.s.b.SimpleBrokerMessageHandler     : Started.
2025-12-21T22:22:47.382+03:00  INFO 37473 --- [IT_market] [restartedMain] o.s.b.w.embedded.tomcat.TomcatWebServer  : Tomcat started on port 8080 (http) with context path '/'
2025-12-21T22:22:47.396+03:00  INFO 37473 --- [IT_market] [restartedMain] com.IT_market.ItMarketApplication        : Started ItMarketApplication in 31.474 seconds (process running for 1730.195)
2025-12-21T22:22:47.401+03:00  INFO 37473 --- [IT_market] [restartedMain] .ConditionEvaluationDeltaLoggingListener : Condition evaluation unchanged
2025-12-21T22:23:47.282+03:00  INFO 37473 --- [IT_market] [MessageBroker-1] o.s.w.s.c.WebSocketMessageBrokerStats    : WebSocketSession[0 current WS(0)-HttpStream(0)-HttpPoll(0), 0 total, 0 closed abnormally (0 connect failure, 0 send limit, 0 transport error)], stompSubProtocol[processed CONNECT(0)-CONNECTED(0)-DISCONNECT(0)], stompBrokerRelay[null], inboundChannel[pool size = 0, active threads = 0, queued tasks = 0, completed tasks = 0], outboundChannel[pool size = 0, active threads = 0, queued tasks = 0, completed tasks = 0], sockJsScheduler[pool size = 1, active threads = 1, queued tasks = 0, completed tasks = 0]
2025-12-21T22:25:31.181+03:00  INFO 37473 --- [IT_market] [SpringApplicationShutdownHook] o.s.b.w.e.tomcat.GracefulShutdown        : Commencing graceful shutdown. Waiting for active requests to complete
2025-12-21T22:25:31.184+03:00  INFO 37473 --- [IT_market] [tomcat-shutdown] o.s.b.w.e.tomcat.GracefulShutdown        : Graceful shutdown complete
2025-12-21T22:25:31.187+03:00  INFO 37473 --- [IT_market] [SpringApplicationShutdownHook] o.s.m.s.b.SimpleBrokerMessageHandler     : Stopping...
2025-12-21T22:25:31.188+03:00  INFO 37473 --- [IT_market] [SpringApplicationShutdownHook] o.s.m.s.b.SimpleBrokerMessageHandler     : BrokerAvailabilityEvent[available=false, SimpleBrokerMessageHandler [org.springframework.messaging.simp.broker.DefaultSubscriptionRegistry@8e4d348]]
2025-12-21T22:25:31.188+03:00  INFO 37473 --- [IT_market] [SpringApplicationShutdownHook] o.s.m.s.b.SimpleBrokerMessageHandler     : Stopped.
2025-12-21T22:25:31.198+03:00  INFO 37473 --- [IT_market] [SpringApplicationShutdownHook] j.LocalContainerEntityManagerFactoryBean : Closing JPA EntityManagerFactory for persistence unit 'default'
2025-12-21T22:25:31.200+03:00  INFO 37473 --- [IT_market] [SpringApplicationShutdownHook] com.zaxxer.hikari.HikariDataSource       : HikariPool-2 - Shutdown initiated...
2025-12-21T22:25:33.939+03:00  INFO 37473 --- [IT_market] [SpringApplicationShutdownHook] com.zaxxer.hikari.HikariDataSource       : HikariPool-2 - Shutdown completed.
2025-12-21T22:27:27.127+03:00  INFO 47693 --- [IT_market] [restartedMain] com.IT_market.ItMarketApplication        : Starting ItMarketApplication using Java 21.0.9-ea with PID 47693 (/home/nalwoga/Downloads/IT_market/target/classes started by nalwoga in /home/nalwoga/Downloads/IT_market)
2025-12-21T22:27:27.130+03:00 DEBUG 47693 --- [IT_market] [restartedMain] com.IT_market.ItMarketApplication        : Running with Spring Boot v3.4.3, Spring v6.2.3
2025-12-21T22:27:27.131+03:00  INFO 47693 --- [IT_market] [restartedMain] com.IT_market.ItMarketApplication        : No active profile set, falling back to 1 default profile: "default"
2025-12-21T22:27:27.470+03:00  INFO 47693 --- [IT_market] [restartedMain] .e.DevToolsPropertyDefaultsPostProcessor : Devtools property defaults active! Set 'spring.devtools.add-properties' to 'false' to disable
2025-12-21T22:27:27.470+03:00  INFO 47693 --- [IT_market] [restartedMain] .e.DevToolsPropertyDefaultsPostProcessor : For additional web related logging consider setting the 'logging.level.web' property to 'DEBUG'
2025-12-21T22:27:32.749+03:00  INFO 47693 --- [IT_market] [restartedMain] .s.d.r.c.RepositoryConfigurationDelegate : Multiple Spring Data modules found, entering strict repository configuration mode
2025-12-21T22:27:32.766+03:00  INFO 47693 --- [IT_market] [restartedMain] .s.d.r.c.RepositoryConfigurationDelegate : Bootstrapping Spring Data JPA repositories in DEFAULT mode.
2025-12-21T22:27:33.271+03:00  INFO 47693 --- [IT_market] [restartedMain] .s.d.r.c.RepositoryConfigurationDelegate : Finished Spring Data repository scanning in 491 ms. Found 7 JPA repository interfaces.
2025-12-21T22:27:33.317+03:00  INFO 47693 --- [IT_market] [restartedMain] .s.d.r.c.RepositoryConfigurationDelegate : Multiple Spring Data modules found, entering strict repository configuration mode
2025-12-21T22:27:33.319+03:00  INFO 47693 --- [IT_market] [restartedMain] .s.d.r.c.RepositoryConfigurationDelegate : Bootstrapping Spring Data Redis repositories in DEFAULT mode.
2025-12-21T22:27:33.385+03:00  INFO 47693 --- [IT_market] [restartedMain] .RepositoryConfigurationExtensionSupport : Spring Data Redis - Could not safely identify store assignment for repository candidate interface com.IT_market.repository.NotificationRepository; If you want this repository to be a Redis repository, consider annotating your entities with one of these annotations: org.springframework.data.redis.core.RedisHash (preferred), or consider extending one of the following types with your repository: org.springframework.data.keyvalue.repository.KeyValueRepository
2025-12-21T22:27:33.385+03:00  INFO 47693 --- [IT_market] [restartedMain] .RepositoryConfigurationExtensionSupport : Spring Data Redis - Could not safely identify store assignment for repository candidate interface com.IT_market.repository.OrderItemRepository; If you want this repository to be a Redis repository, consider annotating your entities with one of these annotations: org.springframework.data.redis.core.RedisHash (preferred), or consider extending one of the following types with your repository: org.springframework.data.keyvalue.repository.KeyValueRepository
2025-12-21T22:27:33.386+03:00  INFO 47693 --- [IT_market] [restartedMain] .RepositoryConfigurationExtensionSupport : Spring Data Redis - Could not safely identify store assignment for repository candidate interface com.IT_market.repository.OrderRepository; If you want this repository to be a Redis repository, consider annotating your entities with one of these annotations: org.springframework.data.redis.core.RedisHash (preferred), or consider extending one of the following types with your repository: org.springframework.data.keyvalue.repository.KeyValueRepository
2025-12-21T22:27:33.387+03:00  INFO 47693 --- [IT_market] [restartedMain] .RepositoryConfigurationExtensionSupport : Spring Data Redis - Could not safely identify store assignment for repository candidate interface com.IT_market.repository.ProductRepository; If you want this repository to be a Redis repository, consider annotating your entities with one of these annotations: org.springframework.data.redis.core.RedisHash (preferred), or consider extending one of the following types with your repository: org.springframework.data.keyvalue.repository.KeyValueRepository
2025-12-21T22:27:33.387+03:00  INFO 47693 --- [IT_market] [restartedMain] .RepositoryConfigurationExtensionSupport : Spring Data Redis - Could not safely identify store assignment for repository candidate interface com.IT_market.repository.RoleRepository; If you want this repository to be a Redis repository, consider annotating your entities with one of these annotations: org.springframework.data.redis.core.RedisHash (preferred), or consider extending one of the following types with your repository: org.springframework.data.keyvalue.repository.KeyValueRepository
2025-12-21T22:27:33.388+03:00  INFO 47693 --- [IT_market] [restartedMain] .RepositoryConfigurationExtensionSupport : Spring Data Redis - Could not safely identify store assignment for repository candidate interface com.IT_market.repository.SellRequestRepository; If you want this repository to be a Redis repository, consider annotating your entities with one of these annotations: org.springframework.data.redis.core.RedisHash (preferred), or consider extending one of the following types with your repository: org.springframework.data.keyvalue.repository.KeyValueRepository
2025-12-21T22:27:33.390+03:00  INFO 47693 --- [IT_market] [restartedMain] .RepositoryConfigurationExtensionSupport : Spring Data Redis - Could not safely identify store assignment for repository candidate interface com.IT_market.repository.UserRepository; If you want this repository to be a Redis repository, consider annotating your entities with one of these annotations: org.springframework.data.redis.core.RedisHash (preferred), or consider extending one of the following types with your repository: org.springframework.data.keyvalue.repository.KeyValueRepository
2025-12-21T22:27:33.391+03:00  INFO 47693 --- [IT_market] [restartedMain] .s.d.r.c.RepositoryConfigurationDelegate : Finished Spring Data repository scanning in 19 ms. Found 0 Redis repository interfaces.
2025-12-21T22:27:36.185+03:00  INFO 47693 --- [IT_market] [restartedMain] o.s.b.w.embedded.tomcat.TomcatWebServer  : Tomcat initialized with port 8080 (http)
2025-12-21T22:27:36.276+03:00  INFO 47693 --- [IT_market] [restartedMain] o.apache.catalina.core.StandardService   : Starting service [Tomcat]
2025-12-21T22:27:36.276+03:00  INFO 47693 --- [IT_market] [restartedMain] o.apache.catalina.core.StandardEngine    : Starting Servlet engine: [Apache Tomcat/10.1.36]
2025-12-21T22:27:36.456+03:00  INFO 47693 --- [IT_market] [restartedMain] o.a.c.c.C.[Tomcat].[localhost].[/]       : Initializing Spring embedded WebApplicationContext
2025-12-21T22:27:36.457+03:00  INFO 47693 --- [IT_market] [restartedMain] w.s.c.ServletWebServerApplicationContext : Root WebApplicationContext: initialization completed in 8984 ms
2025-12-21T22:27:37.682+03:00  INFO 47693 --- [IT_market] [restartedMain] o.hibernate.jpa.internal.util.LogHelper  : HHH000204: Processing PersistenceUnitInfo [name: default]
2025-12-21T22:27:38.305+03:00  INFO 47693 --- [IT_market] [restartedMain] org.hibernate.Version                    : HHH000412: Hibernate ORM core version 6.6.8.Final
2025-12-21T22:27:38.496+03:00  INFO 47693 --- [IT_market] [restartedMain] o.h.c.internal.RegionFactoryInitiator    : HHH000026: Second-level cache disabled
2025-12-21T22:27:40.105+03:00  INFO 47693 --- [IT_market] [restartedMain] o.s.o.j.p.SpringPersistenceUnitInfo      : No LoadTimeWeaver setup: ignoring JPA class transformer
2025-12-21T22:27:40.338+03:00  INFO 47693 --- [IT_market] [restartedMain] com.zaxxer.hikari.HikariDataSource       : HikariPool-1 - Starting...
2025-12-21T22:27:46.961+03:00  INFO 47693 --- [IT_market] [restartedMain] com.zaxxer.hikari.pool.HikariPool        : HikariPool-1 - Added connection org.postgresql.jdbc.PgConnection@3bd340a2
2025-12-21T22:27:46.968+03:00  INFO 47693 --- [IT_market] [restartedMain] com.zaxxer.hikari.HikariDataSource       : HikariPool-1 - Start completed.
2025-12-21T22:27:47.587+03:00  WARN 47693 --- [IT_market] [restartedMain] org.hibernate.orm.deprecation            : HHH90000025: PostgreSQLDialect does not need to be specified explicitly using 'hibernate.dialect' (remove the property setting and it will be selected by default)
2025-12-21T22:27:48.227+03:00  INFO 47693 --- [IT_market] [restartedMain] org.hibernate.orm.connections.pooling    : HHH10001005: Database info:
	Database JDBC URL [Connecting through datasource 'HikariDataSource (HikariPool-1)']
	Database driver: undefined/unknown
	Database version: 17.7
	Autocommit mode: undefined/unknown
	Isolation level: undefined/unknown
	Minimum pool size: undefined/unknown
	Maximum pool size: undefined/unknown
2025-12-21T22:27:51.013+03:00  INFO 47693 --- [IT_market] [restartedMain] o.h.e.t.j.p.i.JtaPlatformInitiator       : HHH000489: No JTA platform available (set 'hibernate.transaction.jta.platform' to enable JTA platform integration)
2025-12-21T22:28:07.783+03:00  INFO 47693 --- [IT_market] [restartedMain] j.LocalContainerEntityManagerFactoryBean : Initialized JPA EntityManagerFactory for persistence unit 'default'
2025-12-21T22:28:10.152+03:00  INFO 47693 --- [IT_market] [restartedMain] o.s.d.j.r.query.QueryEnhancerFactory     : Hibernate is in classpath; If applicable, HQL parser will be used.
2025-12-21T22:30:41.172+03:00  INFO 47693 --- [IT_market] [restartedMain] o.s.b.a.w.s.WelcomePageHandlerMapping    : Adding welcome page template: index
2025-12-21T22:32:37.857+03:00  INFO 47693 --- [IT_market] [restartedMain] o.s.b.d.a.OptionalLiveReloadServer       : LiveReload server is running on port 35729
2025-12-21T22:32:37.906+03:00  INFO 47693 --- [IT_market] [restartedMain] o.s.b.a.e.web.EndpointLinksResolver      : Exposing 1 endpoint beneath base path '/actuator'
2025-12-21T22:32:46.471+03:00  INFO 47693 --- [IT_market] [restartedMain] o.s.m.s.b.SimpleBrokerMessageHandler     : Starting...
2025-12-21T22:32:46.473+03:00  INFO 47693 --- [IT_market] [restartedMain] o.s.m.s.b.SimpleBrokerMessageHandler     : BrokerAvailabilityEvent[available=true, SimpleBrokerMessageHandler [org.springframework.messaging.simp.broker.DefaultSubscriptionRegistry@9a0d39a]]
2025-12-21T22:32:46.495+03:00  INFO 47693 --- [IT_market] [restartedMain] o.s.m.s.b.SimpleBrokerMessageHandler     : Started.
2025-12-21T22:32:51.035+03:00  INFO 47693 --- [IT_market] [restartedMain] o.s.b.w.embedded.tomcat.TomcatWebServer  : Tomcat started on port 8080 (http) with context path '/'
2025-12-21T22:32:51.100+03:00  INFO 47693 --- [IT_market] [restartedMain] com.IT_market.ItMarketApplication        : Started ItMarketApplication in 326.31 seconds (process running for 329.073)
2025-12-21T22:33:39.273+03:00  INFO 47693 --- [IT_market] [MessageBroker-1] o.s.w.s.c.WebSocketMessageBrokerStats    : WebSocketSession[0 current WS(0)-HttpStream(0)-HttpPoll(0), 0 total, 0 closed abnormally (0 connect failure, 0 send limit, 0 transport error)], stompSubProtocol[processed CONNECT(0)-CONNECTED(0)-DISCONNECT(0)], stompBrokerRelay[null], inboundChannel[pool size = 0, active threads = 0, queued tasks = 0, completed tasks = 0], outboundChannel[pool size = 0, active threads = 0, queued tasks = 0, completed tasks = 0], sockJsScheduler[pool size = 1, active threads = 1, queued tasks = 0, completed tasks = 0]
